"MOD_NAME","ITM_NAME","SEQ_NO","DSCR","ITM_TYPE","FLD_LEN","DECML","MIN_LEN","MAX_LEN","CODELIST","update_stamp"
"AE","F_STATUS","2","Data status: Verified, Secured or Locked","CHAR","1","","","","","2013-08-13 06:29:08.0"
"AE","CNO","3","Center Number","CHAR","4","","","","","2013-08-13 06:29:08.0"
"AE","PATNO","4","Patient Number","CHAR","4","","","","","2013-08-13 06:29:08.0"
"AE","EVENT_ID","5","Event Name","CHAR","8","","","","","2013-08-13 06:29:08.0"
"AE","PAG_NAME","6","Page Name","CHAR","8","","","","","2013-08-13 06:29:08.0"
"AE","INFODT","7","Event Date","DATE","","","","","","2013-08-13 06:29:08.0"
"AE","AESEQ","8","AE#","NUMBER","3","0","","","","2013-08-13 06:29:08.0"
"AE","AETERM","9","Adverse Event","CHAR","240","","","","","2013-08-13 06:29:08.0"
"AE","STARTDT","10","Start Date","DATE","","","","","","2013-08-13 06:29:08.0"
"AE","STARTEST","11","Start Date Estimation","CHAR","3","","","","DATEEST","2013-08-13 06:29:08.0"
"AE","STOPDT","12","Stop Date","DATE","","","","","","2013-08-13 06:29:08.0"
"AE","STOPEST","13","Stop Date Estimation","CHAR","3","","","","DATEEST","2013-08-13 06:29:08.0"
"AE","AESEVER","14","Severity","CHAR","1","","","","AESERV","2013-08-13 06:29:08.0"
"AE","SAE","15","SAE","CHAR","1","","","","YN","2013-08-13 06:29:08.0"
"AE","AERELAT","16","Relationship to Study","CHAR","1","","","","AERELAT","2013-08-13 06:29:08.0"
"AE","RELLP","17","Related to LP","CHAR","1","","","","YN","2013-08-13 06:29:08.0"
"AE","RELPRCDR","18","Related to other study procedure","CHAR","1","","","","YN","2013-08-13 06:29:08.0"
"AE","PWDTAE","19","Premature Withdrawal due to AE","CHAR","1","","","","YES","2013-08-13 06:29:08.0"
"AE","AEOUTCOM","20","Outcome","CHAR","1","","","","AEOUTCOM","2013-08-13 06:29:08.0"
"AE","AEFLUP","21","AE Status at final visit","CHAR","1","","","","YN","2013-08-13 06:29:08.0"
"AE","VERBATIM","23","MedDRA Lookup Term","CHAR","100","","","","","2013-08-13 06:29:08.0"
"AE","LLT_NAME","24","Low Level Term","CHAR","100","","","","","2013-08-13 06:29:08.0"
"AE","PT_CODE","25","Preferred Term Code","NUMBER","15","0","","","","2013-08-13 06:29:08.0"
"AE","PT_NAME","26","Preferred Term Name","CHAR","120","","","","","2013-08-13 06:29:08.0"
"AE","HLT_NAME","27","High Level Term","CHAR","120","","","","","2013-08-13 06:29:08.0"
"AE","HLGTNAME","28","High Level Group Term","CHAR","120","","","","","2013-08-13 06:29:08.0"
"AE","SOCABBR1","29","System Organ Class 1","CHAR","5","","","","","2013-08-13 06:29:08.0"
"AE","VMEDDRA","30","MedDRA Version","CHAR","8","","","","","2013-08-13 06:29:08.0"
"AE","ORIG_ENTRY","101","Date of original data entry","DATE","","","","","","2013-08-13 06:29:08.0"
"AE","LAST_UPDATE","102","Date of most recent update to record","DATE","","","","","","2013-08-13 06:29:08.0"
"AE","QUERY","103","Any open/pending queries on this record","NUMBER","8","","","","","2013-08-13 06:29:08.0"
"AE","SITE_APRV","104","Date site approved the data","DATE","","","","","","2013-08-13 06:29:08.0"
"CLINLAB","","0","Clinical Labs","","","","","","","2013-08-13 06:29:08.0"
"CLINLAB","REC_ID","1","Record ID","NUMBER","12","0","","","","2013-08-13 06:29:08.0"
"CLINLAB","F_STATUS","2","Data status: Verified, Secured or Locked","CHAR","1","","","","","2013-08-13 06:29:08.0"
"CLINLAB","CNO","3","Center Number","CHAR","4","","","","","2013-08-13 06:29:09.0"
"CLINLAB","PATNO","4","Patient Number","CHAR","4","","","","","2013-08-13 06:29:09.0"
"CLINLAB","EVENT_ID","5","Event Name","CHAR","8","","","","","2013-08-13 06:29:09.0"
"CLINLAB","PAG_NAME","6","Page Name","CHAR","8","","","","","2013-08-13 06:29:09.0"
"CLINLAB","INFODT","7","Event Date","DATE","","","","","","2013-08-13 06:29:09.0"
"CLINLAB","BLDLAB","8","Blood for safety labs","CHAR","1","","","","LABP","2013-08-13 06:29:09.0"
"CLINLAB","BLDSHPDT","9","Date shipped to central lab","DATE","","","","","","2013-08-13 06:29:09.0"
"CLINLAB","HEWBCR","10","HEM WBC Result","NUMBER","5","2","","","","2013-08-13 06:29:09.0"
"CLINLAB","HERBCR","11","HEM RBC Result","NUMBER","4","2","","","","2013-08-13 06:29:09.0"
"CLINLAB","HEHBR","12","HEM Hb Result","NUMBER","5","2","","","","2013-08-13 06:29:09.0"
"CLINLAB","HEHCTR","13","HEM HCT Result","NUMBER","4","2","","","","2013-08-13 06:29:09.0"
"CLINLAB","PLTLTCNT","14","Platelet Count","NUMBER","3","0","","","","2013-08-13 06:29:09.0"
"CLINLAB","PTRSLT","15","PT Result (seconds)","NUMBER","3","1","","","","2013-08-13 06:29:09.0"
"CLINLAB","INRRSLT","16","INR Result (seconds)","NUMBER","4","2","","","","2013-08-13 06:29:09.0"
"CLINLAB","PTTRSLT","17","PTT Result (seconds)","NUMBER","4","1","","","","2013-08-13 06:29:09.0"
"CLINLAB","LABRSLT","18","LAB results interpretaion","CHAR","1","","","","LABRSLT","2013-08-13 06:29:09.0"
"CLINLAB","COMM","19","Comments","CHAR","240","","","","","2013-08-13 06:29:09.0"
"CLINLAB","ORIG_ENTRY","101","Date of original data entry","DATE","","","","","","2013-08-13 06:29:09.0"
"CLINLAB","LAST_UPDATE","102","Date of most recent update to record","DATE","","","","","","2013-08-13 06:29:09.0"
"CLINLAB","QUERY","103","Any open/pending queries on this record","NUMBER","8","","","","","2013-08-13 06:29:09.0"
"CLINLAB","SITE_APRV","104","Date site approved the data","DATE","","","","","","2013-08-13 06:29:09.0"
"CODE_DECODE","VIEWNAME","1","Data Table","CHAR","13","","","","","2013-08-13 06:29:09.0"
"CODE_DECODE","ITM_NAME","2","Item Name","CHAR","8","","","","","2013-08-13 06:29:09.0"
"CODE_DECODE","CDL_NAME","3","Codelist Name","CHAR","8","","","","","2013-08-13 06:29:09.0"
"CODE_DECODE","CODE","4","Codes","CHAR","40","","","","","2013-08-13 06:29:09.0"
"CODE_DECODE","DECODE","5","Decoded Value","CHAR","40","","","","","2013-08-13 06:29:09.0"
"CONCL","","0","Conclusion of Study Participation","","","","","","","2013-08-13 06:29:09.0"
"CONCL","REC_ID","1","Record ID","NUMBER","12","0","","","","2013-08-13 06:29:09.0"
"CONCL","F_STATUS","2","Data status: Verified, Secured or Locked","CHAR","1","","","","","2013-08-13 06:29:09.0"
"CONCL","CNO","3","Center Number","CHAR","4","","","","","2013-08-13 06:29:09.0"
"CONCL","PATNO","4","Patient Number","CHAR","4","","","","","2013-08-13 06:29:09.0"
"CONCL","EVENT_ID","5","Event Name","CHAR","8","","","","","2013-08-13 06:29:09.0"
"CONCL","PAG_NAME","6","Page Name","CHAR","8","","","","","2013-08-13 06:29:09.0"
"CONCL","INFODT","7","Event Date","DATE","","","","","","2013-08-13 06:29:09.0"
"CONCL","COMPLT","8","Did the subject complete the study?","CHAR","1","","","","COMPLT","2015-05-24 00:32:50.0"
"CONCL","WDWHO","9","Who made decision to withdraw subject","CHAR","2","","","","WDWHO","2013-08-13 06:29:09.0"
"CONCL","WDWHOCM","10","Who made decision to WD comment","CHAR","100","","","","","2013-08-13 06:29:09.0"
"CONCL","WDRSN","11","Reason for withdrawal","CHAR","2","","","","WDRSN","2013-08-13 06:29:09.0"
"CONCL","WDRSNCM","12","Withdrawal comment","CHAR","240","","","","","2013-08-13 06:29:09.0"
"CONCL","WDDT","13","Withdrawal date","DATE","","","","","","2013-08-13 06:29:09.0"
"CONCL","ORIG_ENTRY","101","Date of original data entry","DATE","","","","","","2013-08-13 06:29:09.0"
"CONCL","LAST_UPDATE","102","Date of most recent update to record","DATE","","","","","","2013-08-13 06:29:09.0"
"CONCL","QUERY","103","Any open/pending queries on this record","NUMBER","8","","","","","2013-08-13 06:29:09.0"
"CONCL","SITE_APRV","104","Date site approved the data","DATE","","","","","","2013-08-13 06:29:09.0"
"CONMED","","0","Concomitant Medications","","","","","","","2013-08-13 06:29:09.0"
"CONMED","REC_ID","1","Record ID","NUMBER","12","0","","","","2013-08-13 06:29:09.0"
"CONMED","F_STATUS","2","Data status: Verified, Secured or Locked","CHAR","1","","","","","2013-08-13 06:29:09.0"
"CONMED","CNO","3","Center Number","CHAR","4","","","","","2013-08-13 06:29:09.0"
"CONMED","PATNO","4","Patient Number","CHAR","4","","","","","2013-08-13 06:29:09.0"
"CONMED","EVENT_ID","5","Event Name","CHAR","8","","","","","2013-08-13 06:29:09.0"
"CONMED","PAG_NAME","6","Page Name","CHAR","8","","","","","2013-08-13 06:29:09.0"
"CONMED","INFODT","7","Event Date","DATE","","","","","","2013-08-13 06:29:09.0"
"CONMED","CMSEQ","8","Row #","NUMBER","3","0","","","","2013-08-13 06:29:09.0"
"CONMED","CMTRT","9","Medication","CHAR","100","","","","","2013-08-13 06:29:09.0"
"CONMED","CMDOSE","10","Dose","NUMBER","9","4","","","","2013-08-13 06:29:09.0"
"CONMED","CMDOSU","11","Units","CHAR","10","","","","","2013-08-13 06:29:09.0"
"CONMED","CMDOSFRQ","12","Frequency","CHAR","10","","","","","2013-08-13 06:29:09.0"
"CONMED","ROUTE","13","Route","CHAR","1","","","","ROUTE","2013-08-13 06:29:09.0"
"CONMED","STARTDT","14","Start Date","DATE","","","","","","2013-08-13 06:29:09.0"
"CONMED","STARTEST","15","Start Date estimation","CHAR","3","","","","DATEEST","2013-08-13 06:29:09.0"
"CONMED","STOPDT","16","Stop Date","DATE","","","","","","2013-08-13 06:29:09.0"
"CONMED","STOPEST","17","Stop Date estimation","CHAR","3","","","","DATEEST","2013-08-13 06:29:09.0"
"CONMED","ONGOING","18","Ongoing","CHAR","1","","","","YN","2013-08-13 06:29:09.0"
"CONMED","CMINDC","19","Indication","CHAR","100","","","","","2013-08-13 06:29:09.0"
"CONMED","DISMED","20","PD Med ?","CHAR","1","","","","YN","2013-08-13 06:29:09.0"
"CONMED","RECNO","21","WHO RECNO","CHAR","6","","","","","2013-08-13 06:29:09.0"
"CONMED","SEQNO1","22","WHO SEQNO1","CHAR","2","","","","","2013-08-13 06:29:09.0"
"CONMED","SEQNO2","23","WHO SEQNO2","CHAR","3","","","","","2013-08-13 06:29:09.0"
"CONMED","WHODRUG","24","WHO DRUG NAME","CHAR","70","","","","","2013-08-13 06:29:09.0"
"CONMED","EXCLMED","25","Exclusionary Med flag","CHAR","1","","","","","2013-08-13 06:29:09.0"
"CONMED","ORIG_ENTRY","101","Date of original data entry","DATE","","","","","","2013-08-13 06:29:09.0"
"CONMED","LAST_UPDATE","102","Date of most recent update to record","DATE","","","","","","2013-08-13 06:29:09.0"
"CONMED","QUERY","103","Any open/pending queries on this record","NUMBER","8","","","","","2013-08-13 06:29:09.0"
"CONMED","SITE_APRV","104","Date site approved the data","DATE","","","","","","2013-08-13 06:29:09.0"
"CORIELL","ALIAS_ID","1","Patient Number","CHAR","100","","","","","2013-08-13 06:29:09.0"
"CORIELL","ALLOCATED_DATE","2","Allocation Date","DATE","","","","","","2013-08-13 06:29:09.0"
"CORIELL","CLINICAL_EVENT","3","Event Name","CHAR","100","","","","","2013-08-13 06:29:09.0"
"CORIELL","CONFIRMED_DATE","4","Confirmed Date","DATE","","","","","","2013-08-13 06:29:09.0"
"CORIELL","CONTAINER_TYPE","5","Container Type","CHAR","100","","","","","2013-08-13 06:29:09.0"
"CORIELL","CUSTODIAL_DOMAIN","6","Custodial Domain","CHAR","10","","","","","2013-08-13 06:29:09.0"
"CORIELL","DISPOSITION","7","Disposition","CHAR","100","","","","","2013-08-13 06:29:09.0"
"CORIELL","QUANTITY","8","Quantity","NUMBER","12","4","","","","2013-08-13 06:29:09.0"
"CORIELL","QUANTITY_UNITS","9","Quantity Units","CHAR","100","","","","","2013-08-13 06:29:09.0"
"CORIELL","SAMPLEID","10","Coriell Sample ID","CHAR","100","","","","","2013-08-13 06:29:09.0"
"CORIELL","SITE_ID","11","Site Name","CHAR","100","","","","","2013-08-13 06:29:09.0"
"CORIELL","SMS_SUBJECT_ID","12","Coriell Subject ID","CHAR","100","","","","","2013-08-13 06:29:09.0"
"CORIELL","STATUS","13","Status","CHAR","100","","","","","2013-08-13 06:29:09.0"
"CORIELL","STUDYID","14","Study Name","CHAR","100","","","","","2013-08-13 06:29:09.0"
"CORIELL","TYPE","15","Type","CHAR","100","","","","","2013-08-13 06:29:09.0"
"CORIELL","VOLUME_RECEIVED","16","Volume Received","NUMBER","12","4","","","","2013-08-13 06:29:09.0"
"CORIELL","VOLUME_RECEIVED_UNITS","17","Volume Received Units","CHAR","100","","","","","2013-08-13 06:29:09.0"
"CORIELL","PARENTID","18","Parent Sample ID","CHAR","100","","","","","2013-08-13 06:29:09.0"
"CORIELL_SAMPLE_TEST","SAMPLEID","1","Coriell Sample ID","CHAR","100","","","","","2013-08-13 06:29:09.0"
"CORIELL_SAMPLE_TEST","ALIAS_ID","2","Patient Number","CHAR","100","","","","","2013-08-13 06:29:09.0"
"CORIELL_SAMPLE_TEST","PARAMETERLIST","3","Parameter List","CHAR","100","","","","","2013-08-13 06:29:09.0"
"CORIELL_SAMPLE_TEST","PARAMID","4","Parameter ID","CHAR","100","","","","","2013-08-13 06:29:09.0"
"CORIELL_SAMPLE_TEST","VALUE","5","Value","CHAR","100","","","","","2013-08-13 06:29:09.0"
"DNA","","0","DNA Sample","","","","","","","2013-08-13 06:29:09.0"
"DNA","REC_ID","1","Record ID","NUMBER","12","0","","","","2013-08-13 06:29:09.0"
"DNA","F_STATUS","2","Data status: Verified, Secured or Locked","CHAR","1","","","","","2013-08-13 06:29:09.0"
"DNA","CNO","3","Center Number","CHAR","4","","","","","2013-08-13 06:29:09.0"
"DNA","PATNO","4","Patient Number","CHAR","4","","","","","2013-08-13 06:29:09.0"
"DNA","EVENT_ID","5","Event Name","CHAR","8","","","","","2013-08-13 06:29:09.0"
"DNA","PAG_NAME","6","Page Name","CHAR","8","","","","","2013-08-13 06:29:09.0"
"DNA","INFODT","7","Event Date","DATE","","","","","","2013-08-13 06:29:09.0"
"DNA","BLDDNA","8","DNA Blood Sample","CHAR","1","","","","LAB","2013-08-13 06:29:09.0"
"DNA","BLDDNADT","9","DNA Blood Sample Collection Date","DATE","","","","","","2013-08-13 06:29:09.0"
"AE","","0","Adverse Event Log","","","","","","","2013-08-13 06:29:09.0"
"AE","REC_ID","1","Record ID","NUMBER","12","0","","","","2013-08-13 06:29:09.0"
"PENEURO","INFODT","7","Event Date","DATE","","","","","","2013-08-13 06:29:09.0"
"PENEURO","MSRARSP","8","Muscle Strength - right arm","CHAR","1","","","","ABNORM","2013-08-13 06:29:09.0"
"PENEURO","MSRACM","9","Muscle Strength - right arm comment","CHAR","240","","","","","2013-08-13 06:29:09.0"
"PENEURO","MSLARSP","10","Muscle Strength - left arm","CHAR","1","","","","ABNORM","2013-08-13 06:29:09.0"
"PENEURO","MSLACM","11","Muscle Strength - left arm comment","CHAR","240","","","","","2013-08-13 06:29:09.0"
"PENEURO","MSRLRSP","12","Muscle Strength - right leg","CHAR","1","","","","ABNORM","2013-08-13 06:29:09.0"
"PENEURO","MSRLCM","13","Muscle Strength - right leg comment","CHAR","240","","","","","2013-08-13 06:29:09.0"
"PENEURO","MSLLRSP","14","Muscle Strength - left leg","CHAR","1","","","","ABNORM","2013-08-13 06:29:09.0"
"PENEURO","MSLLCM","15","Muscle Strength - left leg comment","CHAR","240","","","","","2013-08-13 06:29:09.0"
"PENEURO","COFNRRSP","16","Coordination - right finger-to-nose","CHAR","1","","","","ABNORM","2013-08-13 06:29:09.0"
"PENEURO","COFNRCM","17","Coordination -rt. finger-to-nose comment","CHAR","240","","","","","2013-08-13 06:29:09.0"
"PENEURO","COFNLRSP","18","Coordination - left finger-to-nose","CHAR","1","","","","ABNORM","2013-08-13 06:29:09.0"
"PENEURO","COFNLCM","19","Coordination -left finger-nose comment","CHAR","240","","","","","2013-08-13 06:29:09.0"
"PENEURO","COHSRRSP","20","Coordination - right heel-to-shin","CHAR","1","","","","ABNORM","2013-08-13 06:29:09.0"
"PENEURO","COHSRCM","21","Coordination -right heel-to-shin comment","CHAR","240","","","","","2013-08-13 06:29:09.0"
"PENEURO","COHSLRSP","22","Coordination - left heel-to-shin","CHAR","1","","","","ABNORM","2013-08-13 06:29:09.0"
"PENEURO","COHSLCM","23","Coordination - left heel-to-shin comment","CHAR","240","","","","","2013-08-13 06:29:09.0"
"PENEURO","SENRARSP","24","Sensory - right arm","CHAR","1","","","","ABNORM","2013-08-13 06:29:09.0"
"PENEURO","SENRACM","25","Sensory - right arm comment","CHAR","240","","","","","2013-08-13 06:29:09.0"
"PENEURO","SENLARSP","26","Sensory - left arm","CHAR","1","","","","ABNORM","2013-08-13 06:29:09.0"
"PENEURO","SENLACM","27","Sensory - left arm comment","CHAR","240","","","","","2013-08-13 06:29:09.0"
"PENEURO","SENRLRSP","28","Sensory - right leg","CHAR","1","","","","ABNORM","2013-08-13 06:29:09.0"
"PENEURO","SENRLCM","29","Sensory - right leg comment","CHAR","240","","","","","2013-08-13 06:29:09.0"
"PENEURO","SENLLRSP","30","Sensory - left leg","CHAR","1","","","","ABNORM","2013-08-13 06:29:09.0"
"PENEURO","SENLLCM","31","Sensory - left leg comment","CHAR","240","","","","","2013-08-13 06:29:09.0"
"PENEURO","RFLRARSP","32","Reflex - right arm","CHAR","1","","","","REFLEX","2013-08-13 06:29:09.0"
"PENEURO","RFLRACM","33","Reflex - right arm comment","CHAR","240","","","","","2013-08-13 06:29:09.0"
"PENEURO","RFLLARSP","34","Reflex - left arm","CHAR","1","","","","REFLEX","2013-08-13 06:29:09.0"
"PENEURO","RFLLACM","35","Reflex - left arm comment","CHAR","240","","","","","2013-08-13 06:29:09.0"
"PENEURO","RFLRLRSP","36","Reflex - right leg","CHAR","1","","","","REFLEX","2013-08-13 06:29:09.0"
"PENEURO","RFLRLCM","37","Reflex - right leg comment","CHAR","240","","","","","2013-08-13 06:29:09.0"
"PENEURO","RFLLLRSP","38","Reflex - left leg","CHAR","1","","","","REFLEX","2013-08-13 06:29:09.0"
"PENEURO","RFLLLCM","39","Reflex - left leg comment","CHAR","240","","","","","2013-08-13 06:29:09.0"
"PENEURO","PLRRRSP","40","Plantar - right","CHAR","1","","","","PLANTAR","2013-08-13 06:29:09.0"
"PENEURO","PLRRCM","41","Plantar - right comment","CHAR","240","","","","","2013-08-13 06:29:09.0"
"PENEURO","PLRLRSP","42","Plantar - left","CHAR","1","","","","PLANTAR","2013-08-13 06:29:09.0"
"PENEURO","PLRLCM","43","Plantar - left comment","CHAR","240","","","","","2013-08-13 06:29:09.0"
"PENEURO","STAFFCD","44","Examiner","CHAR","4","","","","","2013-08-13 06:29:09.0"
"PENEURO","ORIG_ENTRY","101","Date of original data entry","DATE","","","","","","2013-08-13 06:29:09.0"
"PENEURO","LAST_UPDATE","102","Date of most recent update to record","DATE","","","","","","2013-08-13 06:29:09.0"
"PENEURO","QUERY","103","Any open/pending queries on this record","NUMBER","8","","","","","2013-08-13 06:29:09.0"
"PENEURO","SITE_APRV","104","Date site approved the data","DATE","","","","","","2013-08-13 06:29:09.0"
"PRIMDXPD","","0","Primary Diagnosis","","","","","","","2013-08-13 06:29:09.0"
"PRIMDXPD","REC_ID","1","Record ID","NUMBER","12","0","","","","2013-08-13 06:29:09.0"
"PRIMDXPD","F_STATUS","2","Data status: Verified, Secured or Locked","CHAR","1","","","","","2013-08-13 06:29:09.0"
"PRIMDXPD","CNO","3","Center Number","CHAR","4","","","","","2013-08-13 06:29:09.0"
"PRIMDXPD","PATNO","4","Patient Number","CHAR","4","","","","","2013-08-13 06:29:09.0"
"PRIMDXPD","EVENT_ID","5","Event Name","CHAR","8","","","","","2013-08-13 06:29:09.0"
"PRIMDXPD","PAG_NAME","6","Page Name","CHAR","8","","","","","2013-08-13 06:29:09.0"
"PRIMDXPD","INFODT","7","Event Date","DATE","","","","","","2013-08-13 06:29:09.0"
"PRIMDXPD","PRIMDIAG","9","Most  likely primary diagnosis","CHAR","2","","","","PRIMDIAG","2013-08-13 06:29:09.0"
"PRIMDXPD","OTHNEURO","10","Other neurological disorder(s) (specify)","CHAR","50","","","","","2013-08-13 06:29:09.0"
"PRIMDXPD","STAFFCD","11","Examiner","CHAR","4","","","","","2013-08-13 06:29:09.0"
"PRIMDXPD","ORIG_ENTRY","101","Date of original data entry","DATE","","","","","","2013-08-13 06:29:09.0"
"PRIMDXPD","LAST_UPDATE","102","Date of most recent update to record","DATE","","","","","","2013-08-13 06:29:09.0"
"PRIMDXPD","QUERY","103","Any open/pending queries on this record","NUMBER","8","","","","","2013-08-13 06:29:09.0"
"PRIMDXPD","SITE_APRV","104","Date site approved the data","DATE","","","","","","2013-08-13 06:29:09.0"
"REMSLEEP","","0","REM Sleep Disorder Questionnaire","","","","","","","2013-08-13 06:29:09.0"
"REMSLEEP","REC_ID","1","Record ID","NUMBER","12","0","","","","2013-08-13 06:29:09.0"
"REMSLEEP","F_STATUS","2","Data status: Verified, Secured or Locked","CHAR","1","","","","","2013-08-13 06:29:09.0"
"REMSLEEP","CNO","3","Center Number","CHAR","4","","","","","2013-08-13 06:29:09.0"
"REMSLEEP","PATNO","4","Patient Number","CHAR","4","","","","","2013-08-13 06:29:09.0"
"REMSLEEP","EVENT_ID","5","Event Name","CHAR","8","","","","","2013-08-13 06:29:09.0"
"REMSLEEP","PAG_NAME","6","Page Name","CHAR","8","","","","","2013-08-13 06:29:09.0"
"REMSLEEP","INFODT","7","Event Date","DATE","","","","","","2013-08-13 06:29:09.0"
"REMSLEEP","PTCGBOTH","8","Source of Information","CHAR","1","","","","PTCGBOTH","2013-08-13 06:29:09.0"
"REMSLEEP","DRMVIVID","9","Vivid Dreams","CHAR","1","","","","YN","2013-08-13 06:29:09.0"
"REMSLEEP","DRMAGRAC","10","Aggressive or Action-packed dreams","CHAR","1","","","","YN","2013-08-13 06:29:09.0"
"REMSLEEP","DRMNOCTB","11","nocturnal behaviour","CHAR","1","","","","YN","2013-08-13 06:29:09.0"
"REMSLEEP","SLPLMBMV","12","move arms/legs during sleep","CHAR","1","","","","YN","2013-08-13 06:29:09.0"
"REMSLEEP","SLPINJUR","13","hurt bed partner","CHAR","1","","","","YN","2013-08-13 06:29:09.0"
"REMSLEEP","DRMVERBL","14","speaking in sleep","CHAR","1","","","","YN","2013-08-13 06:29:09.0"
"REMSLEEP","DRMFIGHT","15","sudden limb movements","CHAR","1","","","","YN","2013-08-13 06:29:09.0"
"REMSLEEP","DRMUMV","16","complex movements","CHAR","1","","","","YN","2013-08-13 06:29:09.0"
"REMSLEEP","DRMOBJFL","17","things fell down","CHAR","1","","","","YN","2013-08-13 06:29:09.0"
"REMSLEEP","MVAWAKEN","18","my movements awake me","CHAR","1","","","","YN","2013-08-13 06:29:09.0"
"REMSLEEP","DRMREMEM","19","remember dreams","CHAR","1","","","","YN","2013-08-13 06:29:09.0"
"REMSLEEP","SLPDSTRB","20","sleep is disturbed","CHAR","1","","","","YN","2013-08-13 06:29:09.0"
"REMSLEEP","STROKE","21","stroke","CHAR","1","","","","YN","2013-08-13 06:29:09.0"
"REMSLEEP","HETRA","22","head trauma","CHAR","1","","","","YN","2013-08-13 06:29:09.0"
"REMSLEEP","PARKISM","23","parkinsonism","CHAR","1","","","","YN","2013-08-13 06:29:09.0"
"REMSLEEP","RLS","24","RLS","CHAR","1","","","","YN","2013-08-13 06:29:09.0"
"REMSLEEP","NARCLPSY","25","narcolepsy","CHAR","1","","","","YN","2013-08-13 06:29:09.0"
"REMSLEEP","DEPRS","26","depression","CHAR","1","","","","YN","2013-08-13 06:29:09.0"
"REMSLEEP","EPILEPSY","27","epilepsy","CHAR","1","","","","YN","2013-08-13 06:29:09.0"
"REMSLEEP","BRNINFM","28","inflammatory disease of the brain","CHAR","1","","","","YN","2013-08-13 06:29:09.0"
"REMSLEEP","CNSOTH","29","other","CHAR","1","","","","YN","2013-08-13 06:29:09.0"
"REMSLEEP","CNSOTHCM","30","specify","CHAR","240","","","","","2013-08-13 06:29:09.0"
"REMSLEEP","ORIG_ENTRY","101","Date of original data entry","DATE","","","","","","2013-08-13 06:29:09.0"
"REMSLEEP","LAST_UPDATE","102","Date of most recent update to record","DATE","","","","","","2013-08-13 06:29:09.0"
"REMSLEEP","QUERY","103","Any open/pending queries on this record","NUMBER","8","","","","","2013-08-13 06:29:09.0"
"REMSLEEP","SITE_APRV","104","Date site approved the data","DATE","","","","","","2013-08-13 06:29:09.0"
"SCREEN","","0","Screening / Demographics","","","","","","","2013-08-13 06:29:09.0"
"SCREEN","REC_ID","1","Record ID","NUMBER","12","0","","","","2013-08-13 06:29:09.0"
"SCREEN","F_STATUS","2","Data status: Verified, Secured or Locked","CHAR","1","","","","","2013-08-13 06:29:09.0"
"SCREEN","CNO","3","Center Number","CHAR","4","","","","","2013-08-13 06:29:09.0"
"SCREEN","PATNO","4","Patient Number","CHAR","4","","","","","2013-08-13 06:29:09.0"
"SCREEN","EVENT_ID","5","Event Name","CHAR","8","","","","","2013-08-13 06:29:09.0"
"SCREEN","PAG_NAME","6","Page Name","CHAR","8","","","","","2013-08-13 06:29:09.0"
"SCREEN","INFODT","7","Event Date","DATE","","","","","","2013-08-13 06:29:09.0"
"SCREEN","SIGNCNST","8","Signed Consent","CHAR","1","","","","CHECKBOX","2013-08-13 06:29:09.0"
"SCREEN","CONSNTDT","9","Informed consent date","DATE","","","","","","2013-08-13 06:29:09.0"
"SCREEN","APPRDX","10","Appropriate Diagnosis","CHAR","1","","","","APPRDX","2013-08-13 06:29:09.0"
"SCREEN","BIRTHDT","11","Date of Birth","DATE","","","","","","2013-08-13 06:29:09.0"
"SCREEN","GENDER","12","Gender","CHAR","1","","","","GENDCHP","2013-08-13 06:29:09.0"
"SCREEN","HISPLAT","13","Ethnicity: Is subject Hispanic/Latino","CHAR","1","","","","YNUNOTRP","2013-08-13 06:29:09.0"
"SCREEN","RAINDALS","14","Identify self as Am Indian/Alaska Native","CHAR","1","","","","YNUNOTRP","2013-08-13 06:29:09.0"
"SCREEN","RAASIAN","15","Identify self as Asian","CHAR","1","","","","YNUNOTRP","2013-08-13 06:29:09.0"
"SCREEN","RABLACK","16","Identify self as Black/African American","CHAR","1","","","","YNUNOTRP","2013-08-13 06:29:09.0"
"SCREEN","RAHAWOPI","17","Identify self as Hawaiian/Other Pacif Is","CHAR","1","","","","YNUNOTRP","2013-08-13 06:29:09.0"
"SCREEN","RAWHITE","18","Identify self as White","CHAR","1","","","","YNUNOTRP","2013-08-13 06:29:09.0"
"SCREEN","RANOS","19","Race not specified","CHAR","1","","","","YNUNOTRP","2013-08-13 06:29:09.0"
"SCREEN","RANOSCM","20","Race not specified comments","CHAR","20","","","","","2013-08-13 06:29:09.0"
"SCREEN","PRJENRDT","21","Projected Enrollment Date","DATE","","","","","","2013-08-13 06:29:09.0"
"SCREEN","REFERRAL","22","Referral source","CHAR","2","","","","REFERRAL","2013-08-13 06:29:09.0"
"SCREEN","REFERNAM","23","Medical Professional referral","CHAR","240","","","","","2013-08-13 06:29:09.0"
"SCREEN","DECLINED","24","Declined","CHAR","1","","","","CHECKBOX","2013-08-13 06:29:09.0"
"SCREEN","RSNDEC","25","Reason for Declining","CHAR","2","","","","RSNDEC","2013-08-13 06:29:09.0"
"SCREEN","EXCLUDED","26","Excluded","CHAR","1","","","","CHECKBOX","2013-08-13 06:29:09.0"
"SCREEN","RSNEXC","27","Reason for Exclusion","CHAR","2","","","","RSNEXC","2013-08-13 06:29:09.0"
"SCREEN","COMM","28","Comment","CHAR","240","","","","","2013-08-13 06:29:09.0"
"SCREEN","ORIG_ENTRY","101","Date of original data entry","DATE","","","","","","2013-08-13 06:29:09.0"
"SCREEN","LAST_UPDATE","102","Date of most recent update to record","DATE","","","","","","2013-08-13 06:29:09.0"
"SCREEN","QUERY","103","Any open/pending queries on this record","NUMBER","8","","","","","2013-08-13 06:29:09.0"
"SCREEN","SITE_APRV","104","Date site approved the data","DATE","","","","","","2013-08-13 06:29:09.0"
"SITE_NAMES","CNO","1","Center Number","CHAR","10","","","","","2013-08-13 06:29:09.0"
"SITE_NAMES","SITE_NAME","2","Center Name","CHAR","2000","","","","","2013-08-13 06:29:09.0"
"SOCIOECO","","0","Socio-Economics","","","","","","","2013-08-13 06:29:09.0"
"SOCIOECO","REC_ID","1","Record ID","NUMBER","12","0","","","","2013-08-13 06:29:09.0"
"SOCIOECO","F_STATUS","2","Data status: Verified, Secured or Locked","CHAR","1","","","","","2013-08-13 06:29:09.0"
"SOCIOECO","CNO","3","Center Number","CHAR","4","","","","","2013-08-13 06:29:09.0"
"SOCIOECO","PATNO","4","Patient Number","CHAR","4","","","","","2013-08-13 06:29:09.0"
"SOCIOECO","EVENT_ID","5","Event Name","CHAR","8","","","","","2013-08-13 06:29:09.0"
"SOCIOECO","PAG_NAME","6","Page Name","CHAR","8","","","","","2013-08-13 06:29:09.0"
"SOCIOECO","INFODT","7","Event Date","DATE","","","","","","2013-08-13 06:29:09.0"
"SOCIOECO","EDUCYRS","8","Number of years of education","NUMBER","2","0","0","99","","2013-08-13 06:29:09.0"
"SOCIOECO","HANDED","9","Handedness","CHAR","1","","","","HANDED","2013-08-13 06:29:09.0"
"SOCIOECO","ORIG_ENTRY","101","Date of original data entry","DATE","","","","","","2013-08-13 06:29:09.0"
"SOCIOECO","LAST_UPDATE","102","Date of most recent update to record","DATE","","","","","","2013-08-13 06:29:09.0"
"SOCIOECO","QUERY","103","Any open/pending queries on this record","NUMBER","8","","","","","2013-08-13 06:29:09.0"
"SOCIOECO","SITE_APRV","104","Date site approved the data","DATE","","","","","","2013-08-13 06:29:09.0"
"VISSTAT","","0","Visit Status","","","","","","","2013-08-13 06:29:09.0"
"VISSTAT","REC_ID","1","Record ID","NUMBER","12","0","","","","2013-08-13 06:29:09.0"
"VISSTAT","F_STATUS","2","Data status: Verified, Secured or Locked","CHAR","1","","","","","2013-08-13 06:29:09.0"
"VISSTAT","CNO","3","Center Number","CHAR","4","","","","","2013-08-13 06:29:09.0"
"VISSTAT","PATNO","4","Patient Number","CHAR","4","","","","","2013-08-13 06:29:09.0"
"VISSTAT","EVENT_ID","5","Event Name","CHAR","8","","","","","2013-08-13 06:29:09.0"
"VISSTAT","PAG_NAME","6","Page Name","CHAR","8","","","","","2013-08-13 06:29:09.0"
"VISSTAT","INFODT","7","Event Date","DATE","","","","","","2013-08-13 06:29:09.0"
"VISSTAT","VISCMPLT","9","Visit Completed","CHAR","1","","","","YN","2013-08-13 06:29:09.0"
"VISSTAT","ASSESTYP","10","Assessments performed 1=in per, 2=phone","CHAR","1","","","","ASSESTYP","2013-08-13 06:29:09.0"
"VISSTAT","VSBYINV","12","Visit conducted by investigator","CHAR","1","","","","YN","2013-08-13 06:29:09.0"
"VISSTAT","VSBYSUBI","13","Visit conducted by sub-investigator","CHAR","1","","","","YN","2013-08-13 06:29:09.0"
"VISSTAT","VSBYCOOR","14","Visit conducted by coordinator","CHAR","1","","","","YN","2013-08-13 06:29:09.0"
"VISSTAT","VSBYCOCO","15","Visit conducted by co-coordinator","CHAR","1","","","","YN","2013-08-13 06:29:09.0"
"VISSTAT","VISMSRSN","16","Visit Missed Reason","CHAR","2","","","","VISMSRSN","2013-08-13 06:29:09.0"
"VISSTAT","VISMSCM","17","Visit Missed Reason Comment","CHAR","240","","","","","2013-08-13 06:29:09.0"
"VISSTAT","ASSESCMP","18","Were all assessments for visit completed","CHAR","1","","","","YN","2013-08-13 06:29:09.0"
"VISSTAT","LGCMED2","20","Reviewed ConMed -2","CHAR","1","","","","LGCMED","2013-08-13 06:29:09.0"
"VISSTAT","LGAE2","21","Reviewed AE -2","CHAR","1","","","","LGEVENT","2013-08-13 06:29:09.0"
"VISSTAT","COMM","24","Comments","CHAR","240","","","","","2013-08-13 06:29:09.0"
"VISSTAT","ORIG_ENTRY","101","Date of original data entry","DATE","","","","","","2013-08-13 06:29:09.0"
"VISSTAT","LAST_UPDATE","102","Date of most recent update to record","DATE","","","","","","2013-08-13 06:29:09.0"
"VISSTAT","QUERY","103","Any open/pending queries on this record","NUMBER","8","","","","","2013-08-13 06:29:09.0"
"VISSTAT","SITE_APRV","104","Date site approved the data","DATE","","","","","","2013-08-13 06:29:09.0"
"VITAL","","0","Vital Signs","","","","","","","2013-08-13 06:29:09.0"
"VITAL","REC_ID","1","Record ID","NUMBER","12","0","","","","2013-08-13 06:29:09.0"
"VITAL","F_STATUS","2","Data status: Verified, Secured or Locked","CHAR","1","","","","","2013-08-13 06:29:09.0"
"VITAL","CNO","3","Center Number","CHAR","4","","","","","2013-08-13 06:29:09.0"
"VITAL","PATNO","4","Patient Number","CHAR","4","","","","","2013-08-13 06:29:09.0"
"VITAL","EVENT_ID","5","Event Name","CHAR","8","","","","","2013-08-13 06:29:09.0"
"VITAL","PAG_NAME","6","Page Name","CHAR","8","","","","","2013-08-13 06:29:09.0"
"VITAL","INFODT","7","Event Date","DATE","","","","","","2013-08-13 06:29:09.0"
"VITAL","WGTKG","8","Weight (in Kilograms)","NUMBER","4","1","","","","2013-08-13 06:29:09.0"
"VITAL","HTCM","9","Height (in Centimeters)","NUMBER","3","0","120","200","","2013-08-13 06:29:09.0"
"VITAL","TEMPC","10","Temperature (in Celsius)","NUMBER","3","1","35","38","","2013-08-13 06:29:09.0"
"VITAL","BPARM","11","Arm used for blood pressure","CHAR","1","","","","BPARM","2013-08-13 06:29:09.0"
"VITAL","SYSSUP","12","Supine BP - systolic","NUMBER","3","0","90","155","","2013-08-13 06:29:09.0"
"VITAL","DIASUP","13","Supine BP - diastolic","NUMBER","3","0","55","100","","2013-08-13 06:29:09.0"
"VITAL","HRSUP","14","Supine heart rate","NUMBER","3","0","50","90","","2013-08-13 06:29:09.0"
"VITAL","SYSSTND","18","Standing BP - systolic","NUMBER","3","0","90","155","","2013-08-13 06:29:09.0"
"VITAL","DIASTND","19","Standing BP - diastolic","NUMBER","3","0","55","100","","2013-08-13 06:29:09.0"
"VITAL","HRSTND","20","Standing heart rate","NUMBER","3","0","50","90","","2013-08-13 06:29:09.0"
"VITAL","COMM","21","Comments","CHAR","240","","","","","2013-08-13 06:29:09.0"
"VITAL","ORIG_ENTRY","101","Date of original data entry","DATE","","","","","","2013-08-13 06:29:09.0"
"VITAL","LAST_UPDATE","102","Date of most recent update to record","DATE","","","","","","2013-08-13 06:29:09.0"
"VITAL","QUERY","103","Any open/pending queries on this record","NUMBER","8","","","","","2013-08-13 06:29:09.0"
"VITAL","SITE_APRV","104","Date site approved the data","DATE","","","","","","2013-08-13 06:29:09.0"
"DNA","BLDVOLML","10","Volume of blood collected (milliliters)","NUMBER","3","1","1","9","","2013-08-13 06:29:09.0"
"DNA","DNASHPDT","11","Date DNA sample shipped","DATE","","","","","","2013-08-13 06:29:09.0"
"DNA","ORIG_ENTRY","101","Date of original data entry","DATE","","","","","","2013-08-13 06:29:09.0"
"DNA","LAST_UPDATE","102","Date of most recent update to record","DATE","","","","","","2013-08-13 06:29:09.0"
"DNA","QUERY","103","Any open/pending queries on this record","NUMBER","8","","","","","2013-08-13 06:29:09.0"
"DNA","SITE_APRV","104","Date site approved the data","DATE","","","","","","2013-08-13 06:29:09.0"
"FAMHXPD","","0","Family History (PD)","","","","","","","2013-08-13 06:29:09.0"
"FAMHXPD","REC_ID","1","Record ID","NUMBER","12","0","","","","2013-08-13 06:29:09.0"
"FAMHXPD","F_STATUS","2","Data status: Verified, Secured or Locked","CHAR","1","","","","","2013-08-13 06:29:09.0"
"FAMHXPD","CNO","3","Center Number","CHAR","4","","","","","2013-08-13 06:29:09.0"
"FAMHXPD","PATNO","4","Patient Number","CHAR","4","","","","","2013-08-13 06:29:09.0"
"FAMHXPD","EVENT_ID","5","Event Name","CHAR","8","","","","","2013-08-13 06:29:09.0"
"FAMHXPD","PAG_NAME","6","Page Name","CHAR","8","","","","","2013-08-13 06:29:09.0"
"FAMHXPD","INFODT","7","Event Date","DATE","","","","","","2013-08-13 06:29:09.0"
"FAMHXPD","BIOMOM","10","Biological Mother","NUMBER","1","0","","","","2013-08-13 06:29:09.0"
"FAMHXPD","BIOMOMPD","11","Biological Mother with PD","NUMBER","1","0","0","1","","2013-08-13 06:29:09.0"
"FAMHXPD","BIODAD","12","Biological Father","NUMBER","1","0","","","","2013-08-13 06:29:09.0"
"FAMHXPD","BIODADPD","13","Biological Father with PD","NUMBER","1","0","0","1","","2013-08-13 06:29:09.0"
"FAMHXPD","FULSIB","14","Full Siblings","NUMBER","2","0","","","","2013-08-13 06:29:09.0"
"FAMHXPD","FULSIBPD","15","Full Siblings with PD","NUMBER","2","0","","","","2013-08-13 06:29:09.0"
"FAMHXPD","HAFSIB","16","Half Siblings","NUMBER","2","0","","","","2013-08-13 06:29:09.0"
"FAMHXPD","HAFSIBPD","17","Half Siblings with PD","NUMBER","2","0","","","","2013-08-13 06:29:09.0"
"FAMHXPD","MAGPAR","18","Maternal Grandparents","NUMBER","1","0","","","","2013-08-13 06:29:09.0"
"FAMHXPD","MAGPARPD","19","Maternal Grandparents with PD","NUMBER","1","0","0","2","","2013-08-13 06:29:09.0"
"FAMHXPD","PAGPAR","20","Paternal Grandparents","NUMBER","1","0","","","","2013-08-13 06:29:09.0"
"FAMHXPD","PAGPARPD","21","Paternal Grandparents with PD","NUMBER","1","0","0","2","","2013-08-13 06:29:09.0"
"FAMHXPD","MATAU","22","Maternal Aunts and Uncles","NUMBER","2","0","","","","2013-08-13 06:29:09.0"
"FAMHXPD","MATAUPD","23","Maternal Aunts and Uncles with PD","NUMBER","2","0","","","","2013-08-13 06:29:09.0"
"FAMHXPD","PATAU","24","Paternal Aunts and Uncles","NUMBER","2","0","","","","2013-08-13 06:29:09.0"
"FAMHXPD","PATAUPD","25","Paternal Aunts and Uncles with PD","NUMBER","2","0","","","","2013-08-13 06:29:09.0"
"FAMHXPD","KIDSNUM","26","How many children do you have","NUMBER","2","0","","","","2013-08-13 06:29:09.0"
"FAMHXPD","KIDSPD","27","How many children with PD","NUMBER","2","0","","","","2013-08-13 06:29:09.0"
"FAMHXPD","STAFFCD","28","Examiner","CHAR","4","","","","","2013-08-13 06:29:09.0"
"FAMHXPD","ORIG_ENTRY","101","Date of original data entry","DATE","","","","","","2013-08-13 06:29:09.0"
"FAMHXPD","LAST_UPDATE","102","Date of most recent update to record","DATE","","","","","","2013-08-13 06:29:09.0"
"FAMHXPD","QUERY","103","Any open/pending queries on this record","NUMBER","8","","","","","2013-08-13 06:29:09.0"
"FAMHXPD","SITE_APRV","104","Date site approved the data","DATE","","","","","","2013-08-13 06:29:09.0"
"INCIDENTS","REC_ID","1","Record ID","NUMBER","12","0","","","","2013-08-13 06:29:09.0"
"INCIDENTS","CNO","2","Center Number","CHAR","8","","","","","2013-08-13 06:29:09.0"
"INCIDENTS","PATNO","3","Patient Number","CHAR","8","","","","","2013-08-13 06:29:09.0"
"INCIDENTS","CALLDT","4","Date CTCC Notified","DATE","","","","","","2013-08-13 06:29:09.0"
"INCIDENTS","CALLERID","5","Caller Staff Code","CHAR","4","","","","","2013-08-13 06:29:09.0"
"INCIDENTS","CTCCSTAFF","6","CTCC Staff Code","CHAR","4","","","","","2013-08-13 06:29:09.0"
"INCIDENTS","SAE","7","Serious Adverse Event","CHAR","1","","","","","2013-08-13 06:29:09.0"
"INCIDENTS","SAEDT","8","Serious Adverse Event Date","DATE","","","","","","2013-08-13 06:29:09.0"
"INCIDENTS","TERM","9","Premature Withdrawal","CHAR","1","","","","","2013-08-13 06:29:09.0"
"INCIDENTS","TERMDT","10","Date of withdrawal","DATE","","","","","","2013-08-13 06:29:09.0"
"INCIDENTS","TERMVIS","11","Last Visit Prior to Withdrawal","CHAR","8","","","","","2013-08-13 06:29:09.0"
"INCIDENTS","INITMD","12","Initiation of PD Medication","CHAR","1","","","","","2013-08-13 06:29:09.0"
"INCIDENTS","INITMDDT","13","Date of PD Med Initiation","DATE","","","","","","2013-08-13 06:29:09.0"
"INCIDENTS","INITMDVS","14","Visit prior to PD Med Initiation","CHAR","8","","","","","2013-08-13 06:29:09.0"
"INCIDENTS","DXCHNG","15","Change of Diagnosis","CHAR","1","","","","","2013-08-13 06:29:09.0"
"INCIDENTS","DXCHNGDT","16","Date of Change of Diagnosis","DATE","","","","","","2013-08-13 06:29:09.0"
"INCIDENTS","INOSTD","17","Participation in another study","CHAR","1","","","","","2013-08-13 06:29:09.0"
"INCIDENTS","INOSTDDT","18","Date of participation in another study","DATE","","","","","","2013-08-13 06:29:09.0"
"INCIDENTS","PREG","19","Is Pregnancy being Reported?","CHAR","1","","","","","2013-08-13 06:29:09.0"
"INCIDENTS","PREGDT","20","Date of Pregnancy","DATE","","","","","","2013-08-13 06:29:09.0"
"INCIDENTS","DEATH","21","Death","CHAR","1","","","","","2013-08-13 06:29:09.0"
"INCIDENTS","DEATHDT","22","Date of Death","DATE","","","","","","2013-08-13 06:29:09.0"
"INCIDENTS","COMMENTS","23","Caller Staff Code","CHAR","2000","","","","","2013-08-13 06:29:09.0"
"INEX","","0","Inclusion Exclusion","","","","","","","2013-08-13 06:29:09.0"
"INEX","REC_ID","1","Record ID","NUMBER","12","0","","","","2013-08-13 06:29:09.0"
"INEX","F_STATUS","2","Data status: Verified, Secured or Locked","CHAR","1","","","","","2013-08-13 06:29:09.0"
"INEX","CNO","3","Center Number","CHAR","4","","","","","2013-08-13 06:29:09.0"
"INEX","PATNO","4","Patient Number","CHAR","4","","","","","2013-08-13 06:29:09.0"
"INEX","EVENT_ID","5","Event Name","CHAR","8","","","","","2013-08-13 06:29:09.0"
"INEX","PAG_NAME","6","Page Name","CHAR","8","","","","","2013-08-13 06:29:09.0"
"INEX","INFODT","7","Event Date","DATE","","","","","","2013-08-13 06:29:09.0"
"INEX","INEX1","8","Inclusion/exclusion question 1","CHAR","1","","","","YN","2013-08-13 06:29:09.0"
"INEX","INEX2","9","Inclusion/exclusion question 2","CHAR","1","","","","YN","2013-08-13 06:29:09.0"
"INEX","INEX3","10","Inclusion/exclusion question 3","CHAR","1","","","","YN","2013-08-13 06:29:09.0"
"INEX","INEX3A","11","Inclusion/exclusion question 3a","CHAR","1","","","","YN","2013-08-25 00:31:42.0"
"INEX","INEX4","12","Inclusion/exclusion question 4","CHAR","1","","","","YN","2013-08-25 00:31:42.0"
"INEX","INEX4A","13","Inclusion/exclusion question 4a","CHAR","1","","","","YN","2013-08-25 00:31:42.0"
"INEX","INEX5","14","Inclusion/exclusion question 5","CHAR","1","","","","YN","2013-08-25 00:31:42.0"
"INEX","INEX5A","15","Inclusion/exclusion question 5a","CHAR","1","","","","YN","2013-08-25 00:31:42.0"
"INEX","INEX6","16","Inclusion/exclusion question 6","CHAR","1","","","","YN","2013-08-25 00:31:42.0"
"INEX","INEX6A","17","Inclusion/exclusion question6a","CHAR","1","","","","YN","2013-08-25 00:31:42.0"
"INEX","INEX8","19","Inclusion/exclusion question 8","CHAR","1","","","","YN","2013-08-25 00:31:42.0"
"INEX","INEX9","20","Inclusion/exclusion question 9","CHAR","1","","","","YN","2013-08-25 00:31:42.0"
"INEX","INEX10","21","Inclusion/exclusion question 10","CHAR","1","","","","YN","2013-08-25 00:31:42.0"
"INEX","INEX10A","22","Inclusion/exclusion question 10a","CHAR","1","","","","YN","2013-08-25 00:31:42.0"
"INEX","INEX21","24","Inclusion/exclusion question 21","CHAR","1","","","","YN","2013-08-25 00:31:42.0"
"INEX","INEX21A","25","Inclusion/exclusion question 21A","CHAR","1","","","","","2014-02-02 00:31:42.0"
"INEX","INEX22","26","Inclusion/exclusion question 22","CHAR","1","","","","YN","2014-02-02 00:31:42.0"
"INEX","INEX23","27","Inclusion/exclusion question 23","CHAR","1","","","","YN","2014-02-02 00:31:42.0"
"INEX","INEX24","28","Inclusion/exclusion question 24","CHAR","1","","","","YN","2014-02-02 00:31:42.0"
"INEX","INEX29","33","Inclusion/exclusion question 29","CHAR","1","","","","YN","2014-02-02 00:31:42.0"
"INEX","ORIG_ENTRY","101","Date of original data entry","DATE","","","","","","2013-08-13 06:29:09.0"
"INEX","LAST_UPDATE","102","Date of most recent update to record","DATE","","","","","","2013-08-13 06:29:09.0"
"INEX","QUERY","103","Any open/pending queries on this record","NUMBER","8","","","","","2013-08-13 06:29:09.0"
"INEX","SITE_APRV","104","Date site approved the data","DATE","","","","","","2013-08-13 06:29:09.0"
"INVSIG","","0","Investigator Signature","","","","","","","2013-08-13 06:29:09.0"
"INVSIG","REC_ID","1","Record ID","NUMBER","12","0","","","","2013-08-13 06:29:09.0"
"INVSIG","F_STATUS","2","Data status: Verified, Secured or Locked","CHAR","1","","","","","2013-08-13 06:29:09.0"
"INVSIG","CNO","3","Center Number","CHAR","4","","","","","2013-08-13 06:29:09.0"
"INVSIG","PATNO","4","Patient Number","CHAR","4","","","","","2013-08-13 06:29:09.0"
"INVSIG","EVENT_ID","5","Event Name","CHAR","8","","","","","2013-08-13 06:29:09.0"
"INVSIG","PAG_NAME","6","Page Name","CHAR","8","","","","","2013-08-13 06:29:09.0"
"INVSIG","INFODT","7","Event Date","DATE","","","","","","2013-08-13 06:29:09.0"
"INVSIG","INVSTAFF","8","Investigator Staff Code","CHAR","4","","","","","2013-08-13 06:29:09.0"
"INVSIG","ORIG_ENTRY","101","Date of original data entry","DATE","","","","","","2013-08-13 06:29:09.0"
"INVSIG","LAST_UPDATE","102","Date of most recent update to record","DATE","","","","","","2013-08-13 06:29:09.0"
"INVSIG","QUERY","103","Any open/pending queries on this record","NUMBER","8","","","","","2013-08-13 06:29:09.0"
"INVSIG","SITE_APRV","104","Date site approved the data","DATE","","","","","","2013-08-13 06:29:09.0"
"LAB","","0","Laboratory Procedures","","","","","","","2013-08-13 06:29:09.0"
"LAB","REC_ID","1","Record ID","NUMBER","12","0","","","","2013-08-13 06:29:09.0"
"LAB","F_STATUS","2","Data status: Verified, Secured or Locked","CHAR","1","","","","","2013-08-13 06:29:09.0"
"LAB","CNO","3","Center Number","CHAR","4","","","","","2013-08-13 06:29:09.0"
"LAB","PATNO","4","Patient Number","CHAR","4","","","","","2013-08-13 06:29:09.0"
"LAB","EVENT_ID","5","Event Name","CHAR","8","","","","","2013-08-13 06:29:09.0"
"LAB","PAG_NAME","6","Page Name","CHAR","8","","","","","2013-08-13 06:29:09.0"
"LAB","INFODT","7","Event Date","DATE","","","","","","2013-08-13 06:29:09.0"
"LAB","LMDT","8","Date of last meal","DATE","","","","","","2013-08-13 06:29:09.0"
"LAB","LMTM","9","Time of last meal","TIME","","","","","","2013-08-13 06:29:09.0"
"LAB","FASTSTAT","10","Fasting Status","CHAR","1","","","","FASTSTAT","2013-08-13 06:29:09.0"
"LAB","PDMEDYN","11","Is subject on medication for PD","CHAR","1","","","","YN","2013-08-13 06:29:09.0"
"LAB","PDMEDDT","12","Date of most recent PD med dose","DATE","","","","","","2013-08-13 06:29:09.0"
"LAB","PDMEDTM","13","Time of most recent PD med dose","TIME","","","","","","2013-08-13 06:29:09.0"
"LAB","BLDDRDT","14","Date of blood draw","DATE","","","","","","2013-08-13 06:29:09.0"
"LAB","BLDRNA","15","Blood for PAXgene","CHAR","1","","","","LAB","2013-08-13 06:29:09.0"
"LAB","BLDRNATM","16","Time of PAXgene collection","TIME","","","","","","2013-08-13 06:29:09.0"
"LAB","RNAFDT","17","Date PAXgene sample placed in freezer","DATE","","","","","","2013-08-13 06:29:09.0"
"LAB","RNAFTM","18","Time PAXgene sample placed in freezer","TIME","","","","","","2013-08-13 06:29:09.0"
"LAB","RNASTTMP","19","RNA Storage Temperature","NUMBER","3","0","-90","-70","","2013-08-13 06:29:09.0"
"LAB","BLDRNAN","20","Total number of tubes","NUMBER","1","0","","","","2013-08-25 00:31:42.0"
"LAB","RNASHPN","21","RNA shipped to NINDS","NUMBER","1","0","","","","2013-08-25 00:31:42.0"
"LAB","RNASTEN","22","RNA retained at site","NUMBER","1","0","","","","2013-08-25 00:31:42.0"
"LAB","BLDPLAS","23","Blood for plasma level","CHAR","1","","","","LAB","2013-08-25 00:31:42.0"
"LAB","PLASTM","24","Time of plasma collection","TIME","","","","","","2013-08-25 00:31:42.0"
"LAB","PLASPNTM","25","Time of plasma centrifugation","TIME","","","","","","2013-08-25 00:31:42.0"
"LAB","PLASPNRT","26","Rate of plasma centrifugation","NUMBER","4","0","","","","2013-08-25 00:31:42.0"
"LAB","PLASPNDR","27","Duration of plasma centrifugation","NUMBER","2","0","12","18","","2013-08-25 00:31:42.0"
"LAB","PLASCFRG","28","Temperature of plasma centrifugation","NUMBER","2","0","2","6","","2013-08-25 00:31:42.0"
"LAB","PLASVAFT","29","Plasma volume aliquotted after spinning","NUMBER","4","1","1","18","","2013-08-25 00:31:42.0"
"LAB","PLAALQN","30","Number of aliquot tubes for plasma","NUMBER","2","0","1","18","","2013-08-25 00:31:42.0"
"LAB","ORIG_ENTRY","101","Date of original data entry","DATE","","","","","","2013-08-13 06:29:09.0"
"LAB","LAST_UPDATE","102","Date of most recent update to record","DATE","","","","","","2013-08-13 06:29:09.0"
"LAB","QUERY","103","Any open/pending queries on this record","NUMBER","8","","","","","2013-08-13 06:29:09.0"
"LAB","SITE_APRV","104","Date site approved the data","DATE","","","","","","2013-08-13 06:29:09.0"
"LUMBAR","","0","Lumbar Puncture","","","","","","","2013-08-13 06:29:09.0"
"LUMBAR","REC_ID","1","Record ID","NUMBER","12","0","","","","2013-08-13 06:29:09.0"
"LUMBAR","F_STATUS","2","Data status: Verified, Secured or Locked","CHAR","1","","","","","2013-08-13 06:29:09.0"
"LUMBAR","CNO","3","Center Number","CHAR","4","","","","","2013-08-13 06:29:09.0"
"LUMBAR","PATNO","4","Patient Number","CHAR","4","","","","","2013-08-13 06:29:09.0"
"LUMBAR","EVENT_ID","5","Event Name","CHAR","8","","","","","2013-08-13 06:29:09.0"
"LUMBAR","PAG_NAME","6","Page Name","CHAR","8","","","","","2013-08-13 06:29:09.0"
"LUMBAR","INFODT","7","Event Date","DATE","","","","","","2013-08-13 06:29:09.0"
"LUMBAR","LMDT","8","Date of last intake of food","DATE","","","","","","2013-08-13 06:29:09.0"
"LUMBAR","LMTM","9","Time of last intake of food","TIME","","","","","","2013-08-13 06:29:09.0"
"LUMBAR","FASTSTAT","10","Fasting Status","CHAR","1","","","","FASTSTAT","2013-08-13 06:29:09.0"
"LUMBAR","PDMEDYN","11","Is subject on medication for PD","CHAR","1","","","","YN","2013-08-13 06:29:09.0"
"LUMBAR","PDMEDDT","12","Date of most recent PD med dose","DATE","","","","","","2013-08-13 06:29:09.0"
"LUMBAR","PDMEDTM","13","Time of most recent PD med dose","TIME","","","","","","2013-08-13 06:29:09.0"
"LUMBAR","CSFCOLL","14","Lumbar puncture for CSF","CHAR","1","","","","LABATMP","2013-08-13 06:29:09.0"
"LUMBAR","CSFDT","15","Date CSF collected","DATE","","","","","","2013-08-13 06:29:09.0"
"LUMBAR","CSFNEEDL","16","Needle used for CSF","CHAR","1","","","","CSFNEEDL","2013-08-13 06:29:09.0"
"LUMBAR","CSFMETHD","17","Method used for CSF","CHAR","1","","","","CSFMETHD","2013-08-13 06:29:09.0"
"LUMBAR","LPSITE","18","Lumbar puncture site","CHAR","1","","","","LPSITE","2013-08-13 06:29:09.0"
"LUMBAR","LPPOSITN","19","Lumbar puncture position","CHAR","1","","","","LPPOSITN","2013-08-13 06:29:09.0"
"LUMBAR","CSFTM","20","Time CSF collected","TIME","","","","","","2013-08-13 06:29:09.0"
"LUMBAR","CSFVPRI","21","Volume of CSF collected","NUMBER","3","0","1","24","","2013-08-13 06:29:09.0"
"LUMBAR","CSFSPNTM","22","Time CSF centrifuge","TIME","","","","","","2013-08-13 06:29:09.0"
"LUMBAR","CSFSPNRT","23","CSF spin rate","NUMBER","4","0","","","","2013-08-13 06:29:09.0"
"LUMBAR","CSFCFRG","24","CSF spin temperature","NUMBER","3","0","18","25","","2013-08-13 06:29:09.0"
"LUMBAR","CSFALQTM","25","Time CSF aliquotted","TIME","","","","","","2013-08-13 06:29:09.0"
"LUMBAR","CSFVAFT","26","Volume of CSF aliquotted","NUMBER","3","0","1","20","","2013-09-08 05:35:52.0"
"LUMBAR","CSFALQN","27","Number of aliquot tubes","NUMBER","2","0","1","18","","2013-08-13 06:29:09.0"
"LUMBAR","LPSHPN","28","Number LP aliquot tubes shipped","NUMBER","3","0","","","","2013-08-25 00:31:42.0"
"LUMBAR","LPSTEN","29","Number LP aliquot tubes retained at site","NUMBER","3","0","","","","2013-08-25 00:31:42.0"
"LUMBAR","SMPDSCRD","30","Bloody tap","CHAR","1","","","","YN","2013-08-25 00:31:42.0"
"LUMBAR","CSFFFTM","31","CSF placed in freezer","TIME","","","","","","2013-08-25 00:31:42.0"
"LUMBAR","CSFSTTMP","32","CSF freezer temp","NUMBER","3","0","-90","-70","","2013-08-25 00:31:42.0"
"LUMBAR","SMPLOCAL","33","Sample sent to local lab","CHAR","1","","","","YN","2013-08-25 00:31:42.0"
"LUMBAR","WBCRSLT","34","White blood cell count","NUMBER","7","3","","","","2013-08-25 00:31:42.0"
"LUMBAR","WBCUNIT","35","White blood cell count units","CHAR","8","","","","BCUNIT","2013-08-25 00:31:42.0"
"LUMBAR","WBCUNITB","36","Wht blood cell count units-mm3 mcL L oth","CHAR","1","","","","BCUNITB","2013-08-25 00:31:42.0"
"LUMBAR","WBCOTHCM","37","WBC Units - other","CHAR","50","","","","","2013-08-25 00:31:42.0"
"LUMBAR","RBCRSLT","38","Red blood cell count","NUMBER","7","3","","","","2013-08-25 00:31:42.0"
"LUMBAR","RBCUNIT","39","Red blood cell count units","CHAR","8","","","","BCUNIT","2013-08-25 00:31:42.0"
"LUMBAR","RBCUNITB","40","Red blood cell count units-mm3 mcL L oth","CHAR","1","","","","BCUNITB","2013-08-25 00:31:42.0"
"LUMBAR","RBCOTHCM","41","RBC Units - other","CHAR","50","","","","","2013-08-25 00:31:42.0"
"LUMBAR","TOPRRSLT","42","Total protein","NUMBER","5","2","","","","2013-08-25 00:31:42.0"
"LUMBAR","TOPRUNIT","43","Total protein units","CHAR","8","","","","TOPRUNIT","2013-08-25 00:31:42.0"
"LUMBAR","TGLCRSLT","44","Total glucose","NUMBER","5","2","","","","2013-08-25 00:31:42.0"
"LUMBAR","TGLCUNIT","45","Total glucose units","CHAR","8","","","","TGLCUNIT","2013-08-25 00:31:42.0"
"LUMBAR","FLUORO","46","Was fluoroscopy performed","CHAR","1","","","","YN","2013-08-25 00:31:42.0"
"LUMBAR","FLUORODT","47","Date of fluoroscopy","DATE","","","","","","2013-08-25 00:31:42.0"
"LUMBAR","SPFI","48","Was lumbar spine film performed","CHAR","1","","","","YN","2013-08-25 00:31:42.0"
"LUMBAR","ORIG_ENTRY","101","Date of original data entry","DATE","","","","","","2013-08-13 06:29:09.0"
"LUMBAR","LAST_UPDATE","102","Date of most recent update to record","DATE","","","","","","2013-08-13 06:29:09.0"
"LUMBAR","QUERY","103","Any open/pending queries on this record","NUMBER","8","","","","","2013-08-13 06:29:09.0"
"LUMBAR","SITE_APRV","104","Date site approved the data","DATE","","","","","","2013-08-13 06:29:09.0"
"MHXGEN","","0","Medical History (General)","","","","","","","2013-08-13 06:29:09.0"
"MHXGEN","REC_ID","1","Record ID","NUMBER","12","0","","","","2013-08-13 06:29:09.0"
"MHXGEN","F_STATUS","2","Data status: Verified, Secured or Locked","CHAR","1","","","","","2013-08-13 06:29:09.0"
"MHXGEN","CNO","3","Center Number","CHAR","4","","","","","2013-08-13 06:29:09.0"
"MHXGEN","PATNO","4","Patient Number","CHAR","4","","","","","2013-08-13 06:29:09.0"
"MHXGEN","EVENT_ID","5","Event Name","CHAR","8","","","","","2013-08-13 06:29:09.0"
"MHXGEN","PAG_NAME","6","Page Name","CHAR","8","","","","","2013-08-13 06:29:09.0"
"MHXGEN","INFODT","7","Event Date","DATE","","","","","","2013-08-13 06:29:09.0"
"MHXGEN","MHCAT","8","Medical History Category","CHAR","50","","","","","2013-08-13 06:29:09.0"
"MHXGEN","MHROW","9","Category Seq. Num.","NUMBER","2","0","","","","2013-08-13 06:29:09.0"
"MHXGEN","MHHX","10","Category History","CHAR","1","","","","YNONE","2013-08-13 06:29:09.0"
"MHXGEN","MHTERM","11","MH Description","CHAR","200","","","","","2013-08-13 06:29:09.0"
"MHXGEN","MHACTRES","12","Status of symptom","CHAR","1","","","","STATUS","2013-08-13 06:29:09.0"
"MHXGEN","MHDIAGYR","13","Year of Diagnosis","NUMBER","4","0","","","","2013-08-13 06:29:09.0"
"MHXGEN","SEQNO","14","Sequence Number","NUMBER","4","0","","","","2013-08-13 06:29:09.0"
"MHXGEN","VERBATIM","15","Verbatim Term","CHAR","100","","","","","2013-08-13 06:29:09.0"
"MHXGEN","LLT_NAME","16","Low Level Term","CHAR","100","","","","","2013-08-13 06:29:09.0"
"MHXGEN","PT_CODE","17","Preferred Term Code","NUMBER","15","0","","","","2013-08-13 06:29:09.0"
"MHXGEN","PT_NAME","18","Preferred Term Name","CHAR","120","","","","","2013-08-13 06:29:09.0"
"MHXGEN","HLT_NAME","19","High Level Term","CHAR","120","","","","","2013-08-13 06:29:09.0"
"MHXGEN","HLGTNAME","20","High Level Group Term","CHAR","120","","","","","2013-08-13 06:29:09.0"
"MHXGEN","SOCABBR1","21","System Organ Class 1","CHAR","5","","","","","2013-08-13 06:29:09.0"
"MHXGEN","VMEDDRA","22","MedDRA Version","CHAR","8","","","","","2013-08-13 06:29:09.0"
"MHXGEN","ORIG_ENTRY","101","Date of original data entry","DATE","","","","","","2013-08-13 06:29:09.0"
"MHXGEN","LAST_UPDATE","102","Date of most recent update to record","DATE","","","","","","2013-08-13 06:29:09.0"
"MHXGEN","QUERY","103","Any open/pending queries on this record","NUMBER","8","","","","","2013-08-13 06:29:09.0"
"MHXGEN","SITE_APRV","104","Date site approved the data","DATE","","","","","","2013-08-13 06:29:09.0"
"MOCA","","0","Montreal Cognitive Assessment (MoCA)","","","","","","","2013-08-13 06:29:09.0"
"MOCA","REC_ID","1","Record ID","NUMBER","12","0","","","","2013-08-13 06:29:09.0"
"MOCA","F_STATUS","2","Data status: Verified, Secured or Locked","CHAR","1","","","","","2013-08-13 06:29:09.0"
"MOCA","CNO","3","Center Number","CHAR","4","","","","","2013-08-13 06:29:09.0"
"MOCA","PATNO","4","Patient Number","CHAR","4","","","","","2013-08-13 06:29:09.0"
"MOCA","EVENT_ID","5","Event Name","CHAR","8","","","","","2013-08-13 06:29:09.0"
"MOCA","PAG_NAME","6","Page Name","CHAR","8","","","","","2013-08-13 06:29:09.0"
"MOCA","INFODT","7","Event Date","DATE","","","","","","2013-08-13 06:29:09.0"
"MOCA","MOCAVRSN","9","MoCA Version used","CHAR","5","","","","","2013-08-13 06:29:09.0"
"MOCA","MCAALTTM","10","Alternating Trail Making","NUMBER","1","0","0","1","","2013-08-13 06:29:09.0"
"MOCA","MCACUBE","11","Visuoconstructional Skills (Cube)","NUMBER","1","0","0","1","","2013-08-13 06:29:09.0"
"MOCA","MCACLCKC","13","Visuoconstructional Skills (Clock Cont)","NUMBER","1","0","0","1","","2013-08-13 06:29:09.0"
"MOCA","MCACLCKN","14","Visuoconstructional Skills (Clock Num)","NUMBER","1","0","0","1","","2013-08-13 06:29:09.0"
"MOCA","MCACLCKH","15","Visuoconstructional Skills (Clock Hands)","NUMBER","1","0","0","1","","2013-08-13 06:29:09.0"
"MOCA","MCALION","17","Naming - Lion","NUMBER","1","0","0","1","","2013-08-13 06:29:09.0"
"MOCA","MCARHINO","18","Naming - Rhino","NUMBER","1","0","0","1","","2013-08-13 06:29:09.0"
"MOCA","MCACAMEL","19","Naming - Camel","NUMBER","1","0","0","1","","2013-08-13 06:29:09.0"
"MOCA","MCAFDS","21","Attention - Forward Digit Span","NUMBER","1","0","0","1","","2013-08-13 06:29:09.0"
"MOCA","MCABDS","22","Attention - Backward Digit Span","NUMBER","1","0","0","1","","2013-08-13 06:29:09.0"
"MOCA","MCAVIGIL","23","Attention - Vigilance","NUMBER","1","0","0","1","","2013-08-13 06:29:09.0"
"MOCA","MCASER7","24","Attention - Serial 7s","NUMBER","1","0","0","3","","2013-08-13 06:29:09.0"
"MOCA","MCASNTNC","25","Sentence Repetition","NUMBER","1","0","0","2","","2013-08-13 06:29:09.0"
"MOCA","MCAVFNUM","26","Verbal Fluency - Number of words","NUMBER","3","0","","","","2013-08-13 06:29:09.0"
"MOCA","MCAVF","27","Verbal Fluency","NUMBER","1","0","0","1","","2013-08-13 06:29:09.0"
"MOCA","MCAABSTR","28","Abstraction","NUMBER","1","0","0","2","","2013-08-13 06:29:09.0"
"MOCA","MCAREC1","30","Delayed Recall - Face","NUMBER","1","0","0","1","","2013-08-13 06:29:09.0"
"MOCA","MCAREC2","31","Delayed Recall - Velvet","NUMBER","1","0","0","1","","2013-08-13 06:29:09.0"
"MOCA","MCAREC3","32","Delayed Recall - Church","NUMBER","1","0","0","1","","2013-08-13 06:29:09.0"
"MOCA","MCAREC4","33","Delayed Recall - Daisy","NUMBER","1","0","0","1","","2013-08-13 06:29:09.0"
"MOCA","MCAREC5","34","Delayed Recall - Red","NUMBER","1","0","0","1","","2013-08-13 06:29:09.0"
"MOCA","MCADATE","36","Orientation - Date","NUMBER","1","0","0","1","","2013-08-13 06:29:09.0"
"MOCA","MCAMONTH","37","Orientation - Month","NUMBER","1","0","0","1","","2013-08-13 06:29:09.0"
"MOCA","MCAYR","38","Orientation - Year","NUMBER","1","0","0","1","","2013-08-13 06:29:09.0"
"MOCA","MCADAY","39","Orientation - Day","NUMBER","1","0","0","1","","2013-08-13 06:29:09.0"
"MOCA","MCAPLACE","40","Orientation - Place","NUMBER","1","0","0","1","","2013-08-13 06:29:09.0"
"MOCA","MCACITY","41","Orientation - City","NUMBER","1","0","0","1","","2013-08-13 06:29:09.0"
"MOCA","MCATOT","42","MoCA Total Score","NUMBER","2","0","0","31","","2013-08-13 06:29:09.0"
"MOCA","ORIG_ENTRY","101","Date of original data entry","DATE","","","","","","2013-08-13 06:29:09.0"
"MOCA","LAST_UPDATE","102","Date of most recent update to record","DATE","","","","","","2013-08-13 06:29:09.0"
"MOCA","QUERY","103","Any open/pending queries on this record","NUMBER","8","","","","","2013-08-13 06:29:09.0"
"MOCA","SITE_APRV","104","Date site approved the data","DATE","","","","","","2013-08-13 06:29:09.0"
"MODSEADL","","0","Modified Schwab + England ADL","","","","","","","2013-08-13 06:29:09.0"
"MODSEADL","REC_ID","1","Record ID","NUMBER","12","0","","","","2013-08-13 06:29:09.0"
"MODSEADL","F_STATUS","2","Data status: Verified, Secured or Locked","CHAR","1","","","","","2013-08-13 06:29:09.0"
"MODSEADL","CNO","3","Center Number","CHAR","4","","","","","2013-08-13 06:29:09.0"
"MODSEADL","PATNO","4","Patient Number","CHAR","4","","","","","2013-08-13 06:29:09.0"
"MODSEADL","EVENT_ID","5","Event Name","CHAR","8","","","","","2013-08-13 06:29:09.0"
"MODSEADL","PAG_NAME","6","Page Name","CHAR","8","","","","","2013-08-13 06:29:09.0"
"MODSEADL","INFODT","7","Event Date","DATE","","","","","","2013-08-13 06:29:09.0"
"MODSEADL","MSEADLG","12","Modified Schwab and England - Overall","NUMBER","3","0","0","100","","2013-08-13 06:29:09.0"
"MODSEADL","STAFFCD","15","Examiner","CHAR","4","","","","","2013-08-13 06:29:09.0"
"MODSEADL","ORIG_ENTRY","101","Date of original data entry","DATE","","","","","","2013-08-13 06:29:09.0"
"MODSEADL","LAST_UPDATE","102","Date of most recent update to record","DATE","","","","","","2013-08-13 06:29:09.0"
"MODSEADL","QUERY","103","Any open/pending queries on this record","NUMBER","8","","","","","2013-08-13 06:29:09.0"
"MODSEADL","SITE_APRV","104","Date site approved the data","DATE","","","","","","2013-08-13 06:29:09.0"
"NOTIFICATIONS","REC_ID","1","Record ID","NUMBER","12","0","","","","2013-08-13 06:29:09.0"
"NOTIFICATIONS","CNO","2","Center Number","CHAR","8","","","","","2013-08-13 06:29:09.0"
"NOTIFICATIONS","PATNO","3","Patient Number","CHAR","8","","","","","2013-08-13 06:29:09.0"
"NOTIFICATIONS","CALLDT","4","Date CTCC Notified","DATE","","","","","","2013-08-13 06:29:09.0"
"NOTIFICATIONS","EVENTDT","5","Date of Event","DATE","","","","","","2013-08-13 06:29:09.0"
"NOTIFICATIONS","NOTIFCRF","6","Page","CHAR","50","","","","","2013-08-13 06:29:09.0"
"NOTIFICATIONS","NOTIFEVT","7","Event","CHAR","8","","","","","2013-08-13 06:29:09.0"
"NOTIFICATIONS","NOTIFPRI","8","Notification Code - Primary","CHAR","3","","","","","2013-08-13 06:29:09.0"
"NOTIFICATIONS","NOTIFSEC","9","Notification Code - Secondary","CHAR","8","","","","","2013-08-13 06:29:09.0"
"NOTIFICATIONS","CTCCSTAFF","10","CTCC Staff Code","CHAR","4","","","","","2013-08-13 06:29:09.0"
"NOTIFICATIONS","CALLERID","11","Caller Staff Code","CHAR","4","","","","","2013-08-13 06:29:09.0"
"NOTIFICATIONS","COMMENTS","12","Caller Staff Code","CHAR","2000","","","","","2013-08-13 06:29:09.0"
"NUPDRS1","","0","nUPDRS Part I","","","","","","","2013-08-13 06:29:09.0"
"NUPDRS1","REC_ID","1","Record ID","NUMBER","12","0","","","","2013-08-13 06:29:09.0"
"NUPDRS1","F_STATUS","2","Data status: Verified, Secured or Locked","CHAR","1","","","","","2013-08-13 06:29:09.0"
"NUPDRS1","CNO","3","Center Number","CHAR","4","","","","","2013-08-13 06:29:09.0"
"NUPDRS1","PATNO","4","Patient Number","CHAR","4","","","","","2013-08-13 06:29:09.0"
"NUPDRS1","EVENT_ID","5","Event Name","CHAR","8","","","","","2013-08-13 06:29:09.0"
"NUPDRS1","PAG_NAME","6","Page Name","CHAR","8","","","","","2013-08-13 06:29:09.0"
"NUPDRS1","INFODT","7","Event Date","DATE","","","","","","2013-08-13 06:29:09.0"
"NUPDRS1","NUPSOURC","8","Primary Source of Information","CHAR","1","","","","NUPDRSRC","2013-08-13 06:29:09.0"
"NUPDRS1","NP1COG","9","COGNITIVE IMPAIRMENT","NUMBER","1","0","0","4","","2013-08-13 06:29:09.0"
"NUPDRS1","NP1HALL","10","HALLUCINATIONS AND PSYCHOSIS","NUMBER","1","0","0","4","","2013-08-13 06:29:09.0"
"NUPDRS1","NP1DPRS","11","DEPRESSED MOODS","NUMBER","1","0","0","4","","2013-08-13 06:29:09.0"
"NUPDRS1","NP1ANXS","12","ANXIOUS MOOD","NUMBER","1","0","0","4","","2013-08-13 06:29:09.0"
"NUPDRS1","NP1APAT","13","APATHY","NUMBER","1","0","0","4","","2013-08-13 06:29:09.0"
"NUPDRS1","NP1DDS","14","FEATURES-DOPAMINE DYSREGULATION SYNDROME","NUMBER","1","0","0","4","","2013-08-13 06:29:09.0"
"NUPDRS1","STAFFCD","15","Examiner","CHAR","4","","","","","2013-08-13 06:29:09.0"
"NUPDRS1","ORIG_ENTRY","101","Date of original data entry","DATE","","","","","","2013-08-13 06:29:09.0"
"NUPDRS1","LAST_UPDATE","102","Date of most recent update to record","DATE","","","","","","2013-08-13 06:29:09.0"
"NUPDRS1","QUERY","103","Any open/pending queries on this record","NUMBER","8","","","","","2013-08-13 06:29:09.0"
"NUPDRS1","SITE_APRV","104","Date site approved the data","DATE","","","","","","2013-08-13 06:29:09.0"
"NUPDRS1P","","0","nUPDRS Part I:  Patient Questionnaire","","","","","","","2013-08-13 06:29:09.0"
"NUPDRS1P","REC_ID","1","Record ID","NUMBER","12","0","","","","2013-08-13 06:29:09.0"
"NUPDRS1P","F_STATUS","2","Data status: Verified, Secured or Locked","CHAR","1","","","","","2013-08-13 06:29:09.0"
"NUPDRS1P","CNO","3","Center Number","CHAR","4","","","","","2013-08-13 06:29:09.0"
"NUPDRS1P","PATNO","4","Patient Number","CHAR","4","","","","","2013-08-13 06:29:09.0"
"NUPDRS1P","EVENT_ID","5","Event Name","CHAR","8","","","","","2013-08-13 06:29:09.0"
"NUPDRS1P","PAG_NAME","6","Page Name","CHAR","8","","","","","2013-08-13 06:29:09.0"
"NUPDRS1P","INFODT","7","Event Date","DATE","","","","","","2013-08-13 06:29:09.0"
"NUPDRS1P","NUPSOURC","9","Primary Source of Information","CHAR","1","","","","NUPDRSRC","2013-08-13 06:29:09.0"
"NUPDRS1P","NP1SLPN","10","SLEEP PROBLEMS (NIGHT)","NUMBER","1","0","0","4","","2013-08-13 06:29:09.0"
"NUPDRS1P","NP1SLPD","11","DAYTIME SLEEPINESS","NUMBER","1","0","0","4","","2013-08-13 06:29:09.0"
"NUPDRS1P","NP1PAIN","12","PAIN AND OTHER SENSATIONS","NUMBER","1","0","0","4","","2013-08-13 06:29:09.0"
"NUPDRS1P","NP1URIN","13","URINARY PROBLEMS","NUMBER","1","0","0","4","","2013-08-13 06:29:09.0"
"NUPDRS1P","NP1CNST","14","CONSTIPATION PROBLEMS","NUMBER","1","0","0","4","","2013-08-13 06:29:09.0"
"NUPDRS1P","NP1LTHD","15","LIGHTHEADEDNESS ON STANDING","NUMBER","1","0","0","4","","2013-08-13 06:29:09.0"
"NUPDRS1P","NP1FATG","16","FATIGUE","NUMBER","1","0","0","4","","2013-08-13 06:29:09.0"
"NUPDRS1P","ORIG_ENTRY","101","Date of original data entry","DATE","","","","","","2013-08-13 06:29:09.0"
"NUPDRS1P","LAST_UPDATE","102","Date of most recent update to record","DATE","","","","","","2013-08-13 06:29:09.0"
"NUPDRS1P","QUERY","103","Any open/pending queries on this record","NUMBER","8","","","","","2013-08-13 06:29:09.0"
"NUPDRS1P","SITE_APRV","104","Date site approved the data","DATE","","","","","","2013-08-13 06:29:09.0"
"NUPDRS2P","","0","nUPDRS Part II:  Patient Questionnaire","","","","","","","2013-08-13 06:29:09.0"
"NUPDRS2P","REC_ID","1","Record ID","NUMBER","12","0","","","","2013-08-13 06:29:09.0"
"NUPDRS2P","F_STATUS","2","Data status: Verified, Secured or Locked","CHAR","1","","","","","2013-08-13 06:29:09.0"
"NUPDRS2P","CNO","3","Center Number","CHAR","4","","","","","2013-08-13 06:29:09.0"
"NUPDRS2P","PATNO","4","Patient Number","CHAR","4","","","","","2013-08-13 06:29:09.0"
"NUPDRS2P","EVENT_ID","5","Event Name","CHAR","8","","","","","2013-08-13 06:29:09.0"
"NUPDRS2P","PAG_NAME","6","Page Name","CHAR","8","","","","","2013-08-13 06:29:09.0"
"NUPDRS2P","INFODT","7","Event Date","DATE","","","","","","2013-08-13 06:29:09.0"
"NUPDRS2P","NUPSOURC","9","Primary Source of Information","CHAR","1","","","","NUPDRSRC","2013-08-13 06:29:09.0"
"NUPDRS2P","NP2SPCH","10","SPEECH","NUMBER","1","0","0","4","","2013-08-13 06:29:09.0"
"NUPDRS2P","NP2SALV","11","SALIVA + DROOLING","NUMBER","1","0","0","4","","2013-08-13 06:29:09.0"
"NUPDRS2P","NP2SWAL","12","CHEWING AND SWALLOWING","NUMBER","1","0","0","4","","2013-08-13 06:29:09.0"
"NUPDRS2P","NP2EAT","13","EATING TASKS","NUMBER","1","0","0","4","","2013-08-13 06:29:09.0"
"NUPDRS2P","NP2DRES","14","DRESSING","NUMBER","1","0","0","4","","2013-08-13 06:29:09.0"
"NUPDRS2P","NP2HYGN","15","HYGIENE","NUMBER","1","0","0","4","","2013-08-13 06:29:09.0"
"NUPDRS2P","NP2HWRT","16","HANDWRITING","NUMBER","1","0","0","4","","2013-08-13 06:29:09.0"
"NUPDRS2P","NP2HOBB","17","DOING HOBBIES AND OTHER ACTIVITIES","NUMBER","1","0","0","4","","2013-08-13 06:29:09.0"
"NUPDRS2P","NP2TURN","18","TURNING IN BED","NUMBER","1","0","0","4","","2013-08-13 06:29:09.0"
"NUPDRS2P","NP2TRMR","19","TREMOR","NUMBER","1","0","0","4","","2013-08-13 06:29:09.0"
"NUPDRS2P","NP2RISE","20","GETTING OUT OF BED, CAR, OR DEEP CHAIR","NUMBER","1","0","0","4","","2013-08-13 06:29:09.0"
"NUPDRS2P","NP2WALK","21","WALKING AND BALANCE","NUMBER","1","0","0","4","","2013-08-13 06:29:09.0"
"NUPDRS2P","NP2FREZ","22","FREEZING","NUMBER","1","0","0","4","","2013-08-13 06:29:09.0"
"NUPDRS2P","ORIG_ENTRY","101","Date of original data entry","DATE","","","","","","2013-08-13 06:29:09.0"
"NUPDRS2P","LAST_UPDATE","102","Date of most recent update to record","DATE","","","","","","2013-08-13 06:29:09.0"
"NUPDRS2P","QUERY","103","Any open/pending queries on this record","NUMBER","8","","","","","2013-08-13 06:29:09.0"
"NUPDRS2P","SITE_APRV","104","Date site approved the data","DATE","","","","","","2013-08-13 06:29:09.0"
"NUPDRS3","","0","nUPDRS Part III","","","","","","","2013-08-13 06:29:09.0"
"NUPDRS3","REC_ID","1","Record ID","NUMBER","12","0","","","","2013-08-13 06:29:09.0"
"NUPDRS3","F_STATUS","2","Data status: Verified, Secured or Locked","CHAR","1","","","","","2013-08-13 06:29:09.0"
"NUPDRS3","CNO","3","Center Number","CHAR","4","","","","","2013-08-13 06:29:09.0"
"NUPDRS3","PATNO","4","Patient Number","CHAR","4","","","","","2013-08-13 06:29:09.0"
"NUPDRS3","EVENT_ID","5","Event Name","CHAR","8","","","","","2013-08-13 06:29:09.0"
"NUPDRS3","PAG_NAME","6","Page Name","CHAR","8","","","","","2013-08-13 06:29:09.0"
"NUPDRS3","INFODT","7","Event Date","DATE","","","","","","2013-08-13 06:29:09.0"
"NUPDRS3","CMEDTM","8","Time of PD dose in clinic","TIME","","","","","","2013-08-13 06:29:09.0"
"NUPDRS3","EXAMTM","9","Time Part III was administered","TIME","","","","","","2013-08-13 06:29:09.0"
"NUPDRS3","NP3SPCH","10","3.1 Speech","NUMBER","1","0","0","4","","2013-08-13 06:29:09.0"
"NUPDRS3","NP3FACXP","11","3.2 Facial expression","NUMBER","1","0","0","4","","2013-08-13 06:29:09.0"
"NUPDRS3","NP3RIGN","12","3.3a Rigidity - Neck","NUMBER","1","0","0","4","","2013-08-13 06:29:09.0"
"NUPDRS3","NP3RIGRU","13","3.3b Rigidity - RUE","NUMBER","1","0","0","4","","2013-08-13 06:29:09.0"
"NUPDRS3","NP3RIGLU","14","3.3c Rigidity - LUE","NUMBER","1","0","0","4","","2013-08-13 06:29:09.0"
"NUPDRS3","PN3RIGRL","15","3.3d Rigidity - RLE","NUMBER","1","0","0","4","","2013-08-13 06:29:09.0"
"NUPDRS3","NP3RIGLL","16","3.3e Rigidity - LLE","NUMBER","1","0","0","4","","2013-08-13 06:29:09.0"
"NUPDRS3","NP3FTAPR","17","3.4a Finger Tapping Right Hand","NUMBER","1","0","0","4","","2013-08-13 06:29:09.0"
"NUPDRS3","NP3FTAPL","18","3.4b Finger Tapping Left Hand","NUMBER","1","0","0","4","","2013-08-13 06:29:09.0"
"NUPDRS3","NP3HMOVR","19","3.5a Hand movements - Right Hand","NUMBER","1","0","0","4","","2013-08-13 06:29:09.0"
"NUPDRS3","NP3HMOVL","20","3.5b Hand movements - Left Hand","NUMBER","1","0","0","4","","2013-08-13 06:29:09.0"
"NUPDRS3","NP3PRSPR","21","3.6a Pronation-Supination - Right Hand","NUMBER","1","0","0","4","","2013-08-13 06:29:09.0"
"NUPDRS3","NP3PRSPL","22","3.6b Pronation-Supination - Left Hand","NUMBER","1","0","0","4","","2013-08-13 06:29:09.0"
"NUPDRS3","NP3TTAPR","23","3.7a Toe tapping - Right foot","NUMBER","1","0","0","4","","2013-08-13 06:29:09.0"
"NUPDRS3","NP3TTAPL","24","3.7b Toe tapping - Left foot","NUMBER","1","0","0","4","","2013-08-13 06:29:09.0"
"NUPDRS3","NP3LGAGR","25","3.8a Leg agility - Right leg","NUMBER","1","0","0","4","","2013-08-13 06:29:09.0"
"NUPDRS3","NP3LGAGL","26","3.8b Leg agility - Left leg","NUMBER","1","0","0","4","","2013-08-13 06:29:09.0"
"NUPDRS3","NP3RISNG","27","3.9 Arising from chair","NUMBER","1","0","0","4","","2013-08-13 06:29:09.0"
"NUPDRS3","NP3GAIT","28","3.10 Gait","NUMBER","1","0","0","4","","2013-08-13 06:29:09.0"
"NUPDRS3","NP3FRZGT","29","3.11 Freezing of gait","NUMBER","1","0","0","4","","2013-08-13 06:29:09.0"
"NUPDRS3","NP3PSTBL","30","3.12 Postural stability","NUMBER","1","0","0","4","","2013-08-13 06:29:09.0"
"NUPDRS3","NP3POSTR","31","3.13 Posture","NUMBER","1","0","0","4","","2013-08-13 06:29:09.0"
"NUPDRS3","NP3BRADY","32","3.14 Global spontaneity of movement","NUMBER","1","0","0","4","","2013-08-13 06:29:09.0"
"NUPDRS3","NP3PTRMR","33","3.15a Postural tremor - Right Hand","NUMBER","1","0","0","4","","2013-08-13 06:29:09.0"
"NUPDRS3","NP3PTRML","34","3.15b Postural tremor - Left hand","NUMBER","1","0","0","4","","2013-08-13 06:29:09.0"
"NUPDRS3","NP3KTRMR","35","3.16a Kinetic tremor - Right hand","NUMBER","1","0","0","4","","2013-08-13 06:29:09.0"
"NUPDRS3","NP3KTRML","36","3.16b Kinetic tremor - Left hand","NUMBER","1","0","0","4","","2013-08-13 06:29:09.0"
"NUPDRS3","NP3RTARU","37","3.17a Rest tremor amplitude - RUE","NUMBER","1","0","0","4","","2013-08-13 06:29:09.0"
"NUPDRS3","NP3RTALU","38","3.17b Rest tremor amplitude - LUE","NUMBER","1","0","0","4","","2013-08-13 06:29:09.0"
"NUPDRS3","NP3RTARL","39","3.17c Rest tremor amplitude - RLE","NUMBER","1","0","0","4","","2013-08-13 06:29:09.0"
"NUPDRS3","NP3RTALL","40","3.17d Rest tremor amplitude - LLE","NUMBER","1","0","0","4","","2013-08-13 06:29:09.0"
"NUPDRS3","NP3RTALJ","41","3.17e Rest tremor amplitude - Lip/jaw","NUMBER","1","0","0","4","","2013-08-13 06:29:09.0"
"NUPDRS3","NP3RTCON","42","3.18 Constancy of rest","NUMBER","1","0","0","4","","2013-08-13 06:29:09.0"
"NUPDRS3","DYSKPRES","43","3.19 Were dyskinesias present","CHAR","1","","","","YN","2013-08-13 06:29:09.0"
"NUPDRS3","DYSKIRAT","44","3.20 Did movements interfere with rating","CHAR","1","","","","YN","2013-08-13 06:29:09.0"
"NUPDRS3","NHY","45","3.21 Hoehn and Yahr Stage","NUMBER","1","0","0","5","","2013-08-13 06:29:09.0"
"NUPDRS3","STAFFCD","46","Examiner","CHAR","4","","","","","2013-08-13 06:29:09.0"
"NUPDRS3","ORIG_ENTRY","101","Date of original data entry","DATE","","","","","","2013-08-13 06:29:09.0"
"NUPDRS3","LAST_UPDATE","102","Date of most recent update to record","DATE","","","","","","2013-08-13 06:29:09.0"
"NUPDRS3","QUERY","103","Any open/pending queries on this record","NUMBER","8","","","","","2013-08-13 06:29:09.0"
"NUPDRS3","SITE_APRV","104","Date site approved the data","DATE","","","","","","2013-08-13 06:29:09.0"
"NUPDRS4","","0","nUPDRS Part IV","","","","","","","2013-08-13 06:29:09.0"
"NUPDRS4","REC_ID","1","Record ID","NUMBER","12","0","","","","2013-08-13 06:29:09.0"
"NUPDRS4","F_STATUS","2","Data status: Verified, Secured or Locked","CHAR","1","","","","","2013-08-13 06:29:09.0"
"NUPDRS4","CNO","3","Center Number","CHAR","4","","","","","2013-08-13 06:29:09.0"
"NUPDRS4","PATNO","4","Patient Number","CHAR","4","","","","","2013-08-13 06:29:09.0"
"NUPDRS4","EVENT_ID","5","Event Name","CHAR","8","","","","","2013-08-13 06:29:09.0"
"NUPDRS4","PAG_NAME","6","Page Name","CHAR","8","","","","","2013-08-13 06:29:09.0"
"NUPDRS4","INFODT","7","Event Date","DATE","","","","","","2013-08-13 06:29:09.0"
"NUPDRS4","NP4WDYSK","8","4.1 Time spent with dyskinesias","NUMBER","1","0","0","4","","2013-08-13 06:29:09.0"
"NUPDRS4","NP4DYSKI","9","4.2 Functional impact of dyskinesias","NUMBER","1","0","0","4","","2013-08-13 06:29:09.0"
"NUPDRS4","NP4OFF","10","4.3 Time spent in the OFF state","NUMBER","1","0","0","4","","2013-08-13 06:29:09.0"
"NUPDRS4","NP4FLCTI","11","4.4 Functional impact of fluctuations","NUMBER","1","0","0","4","","2013-08-13 06:29:09.0"
"NUPDRS4","NP4FLCTX","12","4.5 Complexity of motor fluctuations","NUMBER","1","0","0","4","","2013-08-13 06:29:09.0"
"NUPDRS4","NP4DYSTN","13","4.6 Painful OFF-state dystonia","NUMBER","1","0","0","4","","2013-08-13 06:29:09.0"
"NUPDRS4","STAFFCD","14","Examiner","CHAR","4","","","","","2013-08-13 06:29:09.0"
"NUPDRS4","ORIG_ENTRY","101","Date of original data entry","DATE","","","","","","2013-08-13 06:29:09.0"
"NUPDRS4","LAST_UPDATE","102","Date of most recent update to record","DATE","","","","","","2013-08-13 06:29:09.0"
"NUPDRS4","QUERY","103","Any open/pending queries on this record","NUMBER","8","","","","","2013-08-13 06:29:09.0"
"NUPDRS4","SITE_APRV","104","Date site approved the data","DATE","","","","","","2013-08-13 06:29:09.0"
"PDFEAT","","0","PD Features","","","","","","","2013-08-13 06:29:09.0"
"PDFEAT","REC_ID","1","Record ID","NUMBER","12","0","","","","2013-08-13 06:29:09.0"
"PDFEAT","F_STATUS","2","Data status: Verified, Secured or Locked","CHAR","1","","","","","2013-08-13 06:29:09.0"
"PDFEAT","CNO","3","Center Number","CHAR","4","","","","","2013-08-13 06:29:09.0"
"PDFEAT","PATNO","4","Patient Number","CHAR","4","","","","","2013-08-13 06:29:09.0"
"PDFEAT","EVENT_ID","5","Event Name","CHAR","8","","","","","2013-08-13 06:29:09.0"
"PDFEAT","PAG_NAME","6","Page Name","CHAR","8","","","","","2013-08-13 06:29:09.0"
"PDFEAT","INFODT","7","Event Date","DATE","","","","","","2013-08-13 06:29:09.0"
"PDFEAT","SXMO","8","Date of Symptom (Month)","NUMBER","2","0","1","12","","2013-08-13 06:29:09.0"
"PDFEAT","SXYEAR","9","Date of Symptom (Year)","NUMBER","4","0","","","","2013-08-13 06:29:09.0"
"PDFEAT","PDDXDT","10","Date of Parkinson's disease diagnosis","DATE","","","","","","2013-08-13 06:29:09.0"
"PDFEAT","PDDXEST","11","Is the PD diagnosis date estimated?","CHAR","3","","","","DATEEST","2013-08-13 06:29:09.0"
"PDFEAT","DXTREMOR","13","Resting Tremor present at diagnosis?","CHAR","1","","","","YNUNK","2013-08-13 06:29:09.0"
"PDFEAT","DXRIGID","14","Rigidity present at diagnosis?","CHAR","1","","","","YNUNK","2013-08-13 06:29:09.0"
"PDFEAT","DXBRADY","15","Bradykinesia present at diagnosis?","CHAR","1","","","","YNUNK","2013-08-13 06:29:09.0"
"PDFEAT","DXPOSINS","16","Postural instability present at dx?","CHAR","1","","","","YNUNK","2013-08-13 06:29:09.0"
"PDFEAT","DXOTHSX","17","Other symptom present at diagnosis?","CHAR","1","","","","YNUNK","2013-08-13 06:29:09.0"
"PDFEAT","DXOTHCM","18","Other symptoms comment","CHAR","240","","","","","2013-08-13 06:29:09.0"
"PDFEAT","DOMSIDE","19","Side predominantly affected at onset","CHAR","1","","","","SIDEAFF","2013-08-13 06:29:09.0"
"PDFEAT","ORIG_ENTRY","101","Date of original data entry","DATE","","","","","","2013-08-13 06:29:09.0"
"PDFEAT","LAST_UPDATE","102","Date of most recent update to record","DATE","","","","","","2013-08-13 06:29:09.0"
"PDFEAT","QUERY","103","Any open/pending queries on this record","NUMBER","8","","","","","2013-08-13 06:29:09.0"
"PDFEAT","SITE_APRV","104","Date site approved the data","DATE","","","","","","2013-08-13 06:29:09.0"
"PDMEDUSE","","0","Use of PD Medication","","","","","","","2013-08-13 06:29:09.0"
"PDMEDUSE","REC_ID","1","Record ID","NUMBER","12","0","","","","2013-08-13 06:29:09.0"
"PDMEDUSE","F_STATUS","2","Data status: Verified, Secured or Locked","CHAR","1","","","","","2013-08-13 06:29:09.0"
"PDMEDUSE","CNO","3","Center Number","CHAR","4","","","","","2013-08-13 06:29:09.0"
"PDMEDUSE","PATNO","4","Patient Number","CHAR","4","","","","","2013-08-13 06:29:09.0"
"PDMEDUSE","EVENT_ID","5","Event Name","CHAR","8","","","","","2013-08-13 06:29:09.0"
"PDMEDUSE","PAG_NAME","6","Page Name","CHAR","8","","","","","2013-08-13 06:29:09.0"
"PDMEDUSE","INFODT","7","Event Date","DATE","","","","","","2013-08-13 06:29:09.0"
"PDMEDUSE","PDMEDYN","8","Is subject on meds for PD","CHAR","1","","","","YN","2013-08-13 06:29:09.0"
"PDMEDUSE","ONLDOPA","9","Is subject taking Levodopa","CHAR","1","","","","CHECKBOX","2013-08-13 06:29:09.0"
"PDMEDUSE","ONDOPAG","10","Is subject taking a Dopamine Agonist","CHAR","1","","","","CHECKBOX","2013-08-13 06:29:09.0"
"PDMEDUSE","ONAMANTD","11","Is subject taking amantadine","CHAR","1","","","","CHECKBOX","2013-08-25 00:31:42.0"
"PDMEDUSE","ONMAOBIH","12","Is subject taking MAO-B inhibitor","CHAR","1","","","","CHECKBOX","2013-08-25 00:31:42.0"
"PDMEDUSE","ONOTHER","13","Is subject taking some other medication","CHAR","1","","","","CHECKBOX","2013-08-25 00:31:42.0"
"PDMEDUSE","FULNUPDR","14","Was the full UPDRS assessed","CHAR","1","","","","YN","2013-08-25 00:31:42.0"
"PDMEDUSE","PDMEDDT","15","Date of most recent dose","DATE","","","","","","2013-08-25 00:31:42.0"
"PDMEDUSE","ORIG_ENTRY","101","Date of original data entry","DATE","","","","","","2013-08-13 06:29:09.0"
"PDMEDUSE","LAST_UPDATE","102","Date of most recent update to record","DATE","","","","","","2013-08-13 06:29:09.0"
"PDMEDUSE","QUERY","103","Any open/pending queries on this record","NUMBER","8","","","","","2013-08-13 06:29:09.0"
"PDMEDUSE","SITE_APRV","104","Date site approved the data","DATE","","","","","","2013-08-13 06:29:09.0"
"PECN","","0","Neurological exam: Cranial Nerves","","","","","","","2013-08-13 06:29:09.0"
"PECN","REC_ID","1","Record ID","NUMBER","12","0","","","","2013-08-13 06:29:09.0"
"PECN","F_STATUS","2","Data status: Verified, Secured or Locked","CHAR","1","","","","","2013-08-13 06:29:09.0"
"PECN","CNO","3","Center Number","CHAR","4","","","","","2013-08-13 06:29:09.0"
"PECN","PATNO","4","Patient Number","CHAR","4","","","","","2013-08-13 06:29:09.0"
"PECN","EVENT_ID","5","Event Name","CHAR","8","","","","","2013-08-13 06:29:09.0"
"PECN","PAG_NAME","6","Page Name","CHAR","8","","","","","2013-08-13 06:29:09.0"
"PECN","INFODT","7","Event Date","DATE","","","","","","2013-08-13 06:29:09.0"
"PECN","CN1RSP","8","CN I","CHAR","1","","","","ABNORM","2013-08-13 06:29:09.0"
"PECN","CN1CM","9","CN I comment","CHAR","240","","","","","2013-08-13 06:29:09.0"
"PECN","CN2RSP","10","CN II","CHAR","1","","","","ABNORM","2013-08-13 06:29:09.0"
"PECN","CN2CM","11","CN II comment","CHAR","240","","","","","2013-08-13 06:29:09.0"
"PECN","CN346RSP","12","CN III,IV,VI","CHAR","1","","","","ABNORM","2013-08-13 06:29:09.0"
"PECN","CN346CM","13","CN III,IV,VI comment","CHAR","240","","","","","2013-08-13 06:29:09.0"
"PECN","CN5RSP","14","CN V","CHAR","1","","","","ABNORM","2013-08-13 06:29:09.0"
"PECN","CN5CM","15","CN V comment","CHAR","240","","","","","2013-08-13 06:29:09.0"
"PECN","CN7RSP","16","CN VII","CHAR","1","","","","ABNORM","2013-08-13 06:29:09.0"
"PECN","CN7CM","17","CN VII comment","CHAR","240","","","","","2013-08-13 06:29:09.0"
"PECN","CN8RSP","18","CN VIII","CHAR","1","","","","ABNORM","2013-08-13 06:29:09.0"
"PECN","CN8CM","19","CN VIII comment","CHAR","240","","","","","2013-08-13 06:29:09.0"
"PECN","CN910RSP","20","CN IX, X","CHAR","1","","","","ABNORM","2013-08-13 06:29:09.0"
"PECN","CN910CM","21","CN IX, X comment","CHAR","240","","","","","2013-08-13 06:29:09.0"
"PECN","CN11RSP","22","CN XI","CHAR","1","","","","ABNORM","2013-08-13 06:29:09.0"
"PECN","CN11CM","23","CN XI comment","CHAR","240","","","","","2013-08-13 06:29:09.0"
"PECN","CN12RSP","24","CN XII","CHAR","1","","","","ABNORM","2013-08-13 06:29:09.0"
"PECN","CN12CM","25","CN XII comment","CHAR","240","","","","","2013-08-13 06:29:09.0"
"PECN","ORIG_ENTRY","101","Date of original data entry","DATE","","","","","","2013-08-13 06:29:09.0"
"PECN","LAST_UPDATE","102","Date of most recent update to record","DATE","","","","","","2013-08-13 06:29:09.0"
"PECN","QUERY","103","Any open/pending queries on this record","NUMBER","8","","","","","2013-08-13 06:29:09.0"
"PECN","SITE_APRV","104","Date site approved the data","DATE","","","","","","2013-08-13 06:29:09.0"
"PENEURO","","0","Neurological Exam","","","","","","","2013-08-13 06:29:09.0"
"PENEURO","REC_ID","1","Record ID","NUMBER","12","0","","","","2013-08-13 06:29:09.0"
"PENEURO","F_STATUS","2","Data status: Verified, Secured or Locked","CHAR","1","","","","","2013-08-13 06:29:09.0"
"PENEURO","CNO","3","Center Number","CHAR","4","","","","","2013-08-13 06:29:09.0"
"PENEURO","PATNO","4","Patient Number","CHAR","4","","","","","2013-08-13 06:29:09.0"
"PENEURO","EVENT_ID","5","Event Name","CHAR","8","","","","","2013-08-13 06:29:09.0"
"PENEURO","PAG_NAME","6","Page Name","CHAR","8","","","","","2013-08-13 06:29:09.0"
"AEFU","","0","Adverse Event Follow-Up Log","","","","","","","2013-08-25 00:31:41.0"
"AEFU","REC_ID","1","Record ID","NUMBER","12","0","","","","2013-08-25 00:31:41.0"
"AEFU","F_STATUS","2","Data status: Verified, Secured or Locked","CHAR","1","","","","","2013-08-25 00:31:41.0"
"AEFU","CNO","3","Center Number","CHAR","4","","","","","2013-08-25 00:31:41.0"
"AEFU","PATNO","4","Patient Number","CHAR","4","","","","","2013-08-25 00:31:41.0"
"AEFU","EVENT_ID","5","Event Name","CHAR","8","","","","","2013-08-25 00:31:41.0"
"AEFU","PAG_NAME","6","Page Name","CHAR","8","","","","","2013-08-25 00:31:41.0"
"AEFU","INFODT","7","Event Date","DATE","","","","","","2013-08-25 00:31:41.0"
"AEFU","AESEQ","8","AE# from AE Log","NUMBER","3","0","","","","2013-08-25 00:31:41.0"
"AEFU","AETERM","9","AE to be followed","CHAR","240","","","","","2013-08-25 00:31:41.0"
"AEFU","FOLLOWBY","10","AE to be followed by","CHAR","1","","","","FOLLOWBY","2013-08-25 00:31:41.0"
"AEFU","FOLLOWDT","11","Date of follow-up","DATE","","","","","","2013-08-25 00:31:41.0"
"AEFU","AERES","12","AE resolved?","CHAR","1","","","","YN","2013-08-25 00:31:41.0"
"AEFU","STOPDT","13","Date of resolution","DATE","","","","","","2013-08-25 00:31:41.0"
"AEFU","STOPEST","14","Resolution date estimation","CHAR","3","","","","DATEEST","2013-08-25 00:31:41.0"
"AEFU","AESTBLCH","15","AE stable?","CHAR","1","","","","AESTBLCH","2013-08-25 00:31:41.0"
"AEFU","COMM","16","Comments","CHAR","240","","","","","2013-08-25 00:31:42.0"
"AEFU","ORIG_ENTRY","101","Date of original data entry","DATE","","","","","","2013-08-25 00:31:42.0"
"AEFU","LAST_UPDATE","102","Date of most recent update to record","DATE","","","","","","2013-08-25 00:31:42.0"
"AEFU","QUERY","103","Any open/pending queries on this record","NUMBER","8","","","","","2013-08-25 00:31:42.0"
"AEFU","SITE_APRV","104","Date site approved the data","DATE","","","","","","2013-08-25 00:31:42.0"
"FASSTAT","","0","Fasting Status","","","","","","","2013-08-25 00:31:42.0"
"FASSTAT","REC_ID","1","Record ID","NUMBER","12","0","","","","2013-08-25 00:31:42.0"
"FASSTAT","F_STATUS","2","Data status: Verified, Secured or Locked","CHAR","1","","","","","2013-08-25 00:31:42.0"
"FASSTAT","CNO","3","Center Number","CHAR","4","","","","","2013-08-25 00:31:42.0"
"FASSTAT","PATNO","4","Patient Number","CHAR","4","","","","","2013-08-25 00:31:42.0"
"FASSTAT","EVENT_ID","5","Event Name","CHAR","8","","","","","2013-08-25 00:31:42.0"
"FASSTAT","PAG_NAME","6","Page Name","CHAR","8","","","","","2013-08-25 00:31:42.0"
"FASSTAT","INFODT","7","Event Date","DATE","","","","","","2013-08-25 00:31:42.0"
"FASSTAT","LMDT","8","Date of last meal","DATE","","","","","","2013-08-25 00:31:42.0"
"FASSTAT","LMTM","9","Time of last meal","TIME","","","","","","2013-08-25 00:31:42.0"
"FASSTAT","FASTSTAT","10","Fasting Status","CHAR","1","","","","FASTSTAT","2013-08-25 00:31:42.0"
"FASSTAT","COMM","11","Comments","CHAR","240","","","","","2013-08-25 00:31:42.0"
"FASSTAT","ORIG_ENTRY","101","Date of original data entry","DATE","","","","","","2013-08-25 00:31:42.0"
"FASSTAT","LAST_UPDATE","102","Date of most recent update to record","DATE","","","","","","2013-08-25 00:31:42.0"
"FASSTAT","QUERY","103","Any open/pending queries on this record","NUMBER","8","","","","","2013-08-25 00:31:42.0"
"FASSTAT","SITE_APRV","104","Date site approved the data","DATE","","","","","","2013-08-25 00:31:42.0"
"INEX","INEX7","18","Inclusion/exclusion question 7","CHAR","1","","","","YN","2013-08-25 00:31:42.0"
"INEX","INEX25","29","Inclusion/exclusion question 25","CHAR","1","","","","YN","2014-02-02 00:31:42.0"
"INEX","INEX26","30","Inclusion/exclusion question 26","CHAR","1","","","","YN","2014-02-02 00:31:42.0"
"INEX","INEX27","31","Inclusion/exclusion question 27","CHAR","1","","","","YN","2014-02-02 00:31:42.0"
"INEX","INEX28","32","Inclusion/exclusion question 28","CHAR","1","","","","YN","2014-02-02 00:31:42.0"
"CORIELL","QC_DATE","20","QC Date","DATE","100","","","","","2014-05-25 00:32:10.0"
"LUMBAR","SPFIDT","49","Date of spine film","DATE","","","","","","2013-08-25 00:31:42.0"
"LUMBAR","ULTSND","50","Ultrasound performed","CHAR","1","","","","YN","2014-02-02 00:31:41.0"
"INEX","WAIVERCD","44","Protocol Deviation Code","CHAR","6","","","","","2014-03-08 23:31:50.0"
"INEX","INEX36","41","Inclusion/exclusion question 36","CHAR","1","","","","YN","2014-02-02 00:31:41.0"
"INEX","ELIGIBIL","43","Is the Subject eligible for enrollment","CHAR","1","","","","YN","2014-02-02 00:31:41.0"
"LAB","PLALSHPN","31","Number plasma aliquot tubes shipped","NUMBER","1","0","","","","2013-08-25 00:31:42.0"
"LAB","PLALSTEN","32","Number plasma aliquot tubes at site","NUMBER","1","0","","","","2013-08-25 00:31:42.0"
"LAB","PLASFTM","33","Time plasma samples placed in freezer","TIME","","","","","","2013-08-25 00:31:42.0"
"LAB","PLASTTMP","34","Plasma storage temperature","NUMBER","3","0","-90","-70","","2013-08-25 00:31:42.0"
"LAB","PELLTSTE","35","Was pellet tube retained at site","CHAR","1","","","","YN","2013-08-25 00:31:42.0"
"LAB","PLLTN","36","Total number of pellet tubes","NUMBER","1","0","","","","2013-08-25 00:31:42.0"
"LAB","PLLTSHPN","37","Number of pellet tubes shipped","NUMBER","1","0","","","","2013-08-25 00:31:42.0"
"LAB","PLLTSTEN","38","Number of pellet tubes at site","NUMBER","1","0","","","","2013-08-25 00:31:42.0"
"LAB","COMM","39","Comments","CHAR","240","","","","","2013-08-25 00:31:42.0"
"PDMEDUSE","PDMEDTM","16","Time of dose prior to UPDRS","TIME","","","","","","2013-08-25 00:31:42.0"
"PDMEDUSE","NUPDRTM","17","Time the UPDRS was administered","TIME","","","","","","2013-08-25 00:31:42.0"
"INEX","INEX30A","35","Inclusion/exclusion question 30a","CHAR","1","","","","YN","2014-02-02 00:31:41.0"
"INEX","INEX35","40","Inclusion/exclusion question 35","CHAR","1","","","","YN","2014-02-02 00:31:41.0"
"CORIELL","QC","19","QC Status","CHAR","100","","","","","2014-05-25 00:32:10.0"
"LUMBAR","ULTSNDDT","51","Date Ultrasound performed","DATE","","","","","","2014-02-02 00:31:41.0"
"LUMBAR","COMM","52","Comments","CHAR","240","","","","","2014-02-02 00:31:41.0"
"INEX","INEX30","34","Inclusion/exclusion question 30","CHAR","1","","","","YN","2014-02-02 00:31:42.0"
"CORIELL","DIAGNOSIS","21","Appropriate Diagnosis","CHAR","100","","","","","2014-05-25 00:32:10.0"
"CORIELL_CATALOG","CATALOG_ID","1","Coriell Catalog ID","CHAR","100","","","","","2014-05-25 00:32:10.0"
"CORIELL_CATALOG","SAMPLE_ID","2","Coriell Sample ID","CHAR","100","","","","","2014-05-25 00:32:10.0"
"CORIELL_CATALOG","TYPE","3","Type","CHAR","100","","","","","2014-05-25 00:32:10.0"
"CORIELL_CATALOG","CLINICAL_EVENT","4","Event Name","CHAR","100","","","","","2014-05-25 00:32:10.0"
"CORIELL_CATALOG","ALIQUOT_MASS","5","Aliquot Mass","NUMBER","12","4","","","","2014-05-25 00:32:10.0"
"CORIELL_CATALOG","ALIQUOT_MASS_UNITS","6","Aliquot Mass Units","CHAR","100","","","","","2014-05-25 00:32:10.0"
"CORIELL_CATALOG","ALIQUOT_VOLUME","7","Aliquot Volume","NUMBER","12","4","","","","2014-05-25 00:32:10.0"
"CORIELL_CATALOG","ALIQUOT_VOLUME_UNITS","8","Aliquot Volume Units","CHAR","100","","","","","2014-05-25 00:32:10.0"
"CORIELL_CATALOG","AVERAGE_HEMOGLOBIN","9","Average Hemoglobin","NUMBER","12","4","","","","2014-05-25 00:32:10.0"
"CORIELL_CATALOG","AVERAGE_HEMOGLOBIN_UNITS","10","Average Hemoglobin Units","CHAR","100","","","","","2014-05-25 00:32:10.0"
"CORIELL_CATALOG","CLOTTING","11","Clotting","CHAR","100","","","","","2014-05-25 00:32:10.0"
"CORIELL_CATALOG","HEMOLYSIS_GRADE","12","Hemolysis Grade","CHAR","100","","","","","2014-05-25 00:32:10.0"
"CORIELL_CATALOG","TURBIDITY","13","Turbidity","CHAR","100","","","","","2014-05-25 00:32:10.0"
"CORIELL_CATALOG","CONCENTRATION","14","Concentration","NUMBER","12","4","","","","2014-05-25 00:32:10.0"
"CORIELL_CATALOG","CONCENTRATION_UNITS","15","Concentration Units","CHAR","100","","","","","2014-05-25 00:32:10.0"
"CORIELL_CATALOG","RATIO_260_280","16","Ratio 260 280","NUMBER","12","4","","","","2014-05-25 00:32:10.0"
"CORIELL_CATALOG","RATIO_260_230","17","Ratio 260 230","NUMBER","12","4","","","","2014-05-25 00:32:10.0"
"CORIELL_CATALOG","QUALITY_CLASS","18","Quality Class","CHAR","100","","","","","2014-05-25 00:32:10.0"
"CORIELL_CATALOG","RIN","19","RIN","NUMBER","12","4","","","","2014-05-25 00:32:10.0"
"CORIELL_CATALOG","RRATIO","20","RIN Ratio","NUMBER","12","4","","","","2014-05-25 00:32:10.0"
"CORIELL_CATALOG","HEMOGLOBIN_PASS_FAIL","21","Hemoglobin Pass Fail","CHAR","100","","","","","2014-05-25 00:32:10.0"
"CORIELL_CATALOG","HEMOGLOBIN_REASON_PASS_F","22","Hemoglobin Reason Pass Fail","CHAR","100","","","","","2014-05-25 00:32:10.0"
"CORIELL_CATALOG","DIAGNOSIS","23","Appropriate Diagnosis","CHAR","100","","","","","2014-05-25 00:32:10.0"
"SMOKALC","","0","Smoking and Alcohol Questionnaire","","","","","","","2014-10-19 00:32:28.0"
"SMOKALC","REC_ID","1","Record ID","NUMBER","12","0","","","","2014-10-19 00:32:28.0"
"SMOKALC","F_STATUS","2","Data status: Verified, Secured or Locked","CHAR","1","","","","","2014-10-19 00:32:28.0"
"SMOKALC","CNO","3","Center Number","CHAR","4","","","","","2014-10-19 00:32:28.0"
"SMOKALC","PATNO","4","Patient Number","CHAR","4","","","","","2014-10-19 00:32:28.0"
"SMOKALC","EVENT_ID","5","Event Name","CHAR","8","","","","","2014-10-19 00:32:28.0"
"SMOKALC","PAG_NAME","6","Page Name","CHAR","8","","","","","2014-10-19 00:32:28.0"
"SMOKALC","INFODT","7","Event Date","DATE","","","","","","2014-10-19 00:32:28.0"
"SMOKALC","CIGLF100","8","In lifetime, smoked 100 or more cigarett","NUMBER","1","0","","","YN_NUM","2014-10-19 00:32:28.0"
"SMOKALC","CIGCURR","9","Do you smoke cigarettes now","CHAR","1","","","","YN","2014-10-19 00:32:28.0"
"SMOKALC","ALCLFREG","10","In lifetime, regularly drunk alcohol","NUMBER","1","0","","","YN_NUM","2014-10-19 00:32:28.0"
"SMOKALC","ALCCURR","11","Do you currently drink alcohol regularly","CHAR","1","","","","YN","2014-10-19 00:32:28.0"
"SMOKALC","COMM","12","Comments","CHAR","240","","","","","2014-10-19 00:32:28.0"
"SMOKALC","DUMMY1","13","Copyright","CHAR","40","","","","","2014-10-19 00:32:28.0"
"SMOKALC","ORIG_ENTRY","101","Date of original data entry","DATE","","","","","","2014-10-19 00:32:28.0"
"SMOKALC","LAST_UPDATE","102","Date of most recent update to record","DATE","","","","","","2014-10-19 00:32:28.0"
"SMOKALC","QUERY","103","Any open/pending queries on this record","NUMBER","8","","","","","2014-10-19 00:32:28.0"
"SMOKALC","SITE_APRV","104","Date site approved the data","DATE","","","","","","2014-10-19 00:32:28.0"
"SUSAMP","","0","Saliva and Urine Samples","","","","","","","2014-10-19 00:32:28.0"
"SUSAMP","REC_ID","1","Record ID","NUMBER","12","0","","","","2014-10-19 00:32:28.0"
"SUSAMP","F_STATUS","2","Data status: Verified, Secured or Locked","CHAR","1","","","","","2014-10-19 00:32:28.0"
"SUSAMP","CNO","3","Center Number","CHAR","4","","","","","2014-10-19 00:32:28.0"
"SUSAMP","PATNO","4","Patient Number","CHAR","4","","","","","2014-10-19 00:32:28.0"
"SUSAMP","EVENT_ID","5","Event Name","CHAR","8","","","","","2014-10-19 00:32:28.0"
"SUSAMP","PAG_NAME","6","Page Name","CHAR","8","","","","","2014-10-19 00:32:28.0"
"SUSAMP","INFODT","7","Event Date","DATE","","","","","","2014-10-19 00:32:28.0"
"SUSAMP","SMPLCLDT","8","Date of sample collection","DATE","","","","","","2014-10-19 00:32:28.0"
"SUSAMP","SALIVA","9","Saliva collected","CHAR","1","","","","LAB","2014-10-19 00:32:28.0"
"SUSAMP","SLVTM","10","Time of saliva collection","TIME","","","","","","2014-10-19 00:32:28.0"
"SUSAMP","SLVCLLMN","11","Minutes needed to collect saliva","NUMBER","2","0","1","25","","2014-10-19 00:32:28.0"
"SUSAMP","SLVAMT","12","Amount of Saliva collected","NUMBER","4","1","0","15","","2014-10-19 00:32:28.0"
"SUSAMP","PRTINHIB","13","Amount of protease inhibitor added","NUMBER","4","0","50","1000","","2014-10-19 00:32:28.0"
"SUSAMP","SLVSPNTM","14","Time of saliva centrifugation","TIME","","","","","","2014-10-19 00:32:28.0"
"SUSAMP","SLVSPNRT","15","Rate of saliva centrifugation","NUMBER","5","0","2000","2000","","2014-10-19 00:32:28.0"
"SUSAMP","SLVSPNDR","16","Duration of saliva centrifugation","NUMBER","2","0","12","18","","2014-10-19 00:32:28.0"
"SUSAMP","SLVCFRG","17","Temperature of saliva centrifugation","NUMBER","2","0","2","6","","2014-10-19 00:32:28.0"
"SUSAMP","SLVFTM","18","Time saliva placed in freezer","TIME","","","","","","2014-10-19 00:32:28.0"
"SUSAMP","SLVSTTMP","19","Saliva storage temperature","NUMBER","3","0","","80","","2014-10-19 00:32:28.0"
"SUSAMP","SLVN","20","Total number of saliva tubes","NUMBER","2","0","1","10","","2014-10-19 00:32:28.0"
"SUSAMP","SLVSHPN","21","Number of saliva tubes shipped","NUMBER","1","0","1","6","","2014-10-19 00:32:28.0"
"SUSAMP","SLVSTEN","22","Number of saliva tubes at site","NUMBER","1","0","0","4","","2014-10-19 00:32:28.0"
"SUSAMP","UT1","23","Urine Tube 1 Collected","CHAR","1","","","","LAB","2014-10-19 00:32:28.0"
"SUSAMP","UT1TM","24","Time of urine tube 1 collection","TIME","","","","","","2014-10-19 00:32:28.0"
"SUSAMP","UT1SPNTM","25","Time of urine centrifugation","TIME","","","","","","2014-10-19 00:32:28.0"
"SUSAMP","UT1SPNRT","26","Rate of urine centrifugation","NUMBER","5","0","2500","2500","","2014-10-19 00:32:28.0"
"SUSAMP","UT1SPNDR","27","Duration of urine centrifugation","NUMBER","2","0","12","18","","2014-10-19 00:32:28.0"
"SUSAMP","UT1CFRG","28","Temperature of urine centrifugation","NUMBER","2","0","2","6","","2014-10-19 00:32:28.0"
"SUSAMP","UT1FTM","29","Time urine tube 1 placed in freezer","TIME","","","","","","2014-10-19 00:32:28.0"
"SUSAMP","UT1STTMP","30","Urine tube 1 storage temperature","NUMBER","3","0","","80","","2014-10-19 00:32:28.0"
"SUSAMP","UT1N","31","Total number of urine tubes","NUMBER","2","0","1","2","","2014-10-19 00:32:28.0"
"SUSAMP","UT1SHPN","32","Number of urine tubes shipped","NUMBER","1","0","1","1","","2014-10-19 00:32:28.0"
"SUSAMP","UT1STEN","33","Number of urine tubes at site","NUMBER","1","0","0","1","","2014-10-19 00:32:28.0"
"SUSAMP","COMM","34","Comments","CHAR","240","","","","","2014-10-19 00:32:28.0"
"SUSAMP","DUMMY1","35","Saliva treated with protease inhibitor","CHAR","40","","","","","2014-10-19 00:32:28.0"
"SUSAMP","DUMMY2","36","Copyright (c) 2014 University of Rochest","CHAR","120","","","","","2014-10-19 00:32:28.0"
"SUSAMP","ORIG_ENTRY","101","Date of original data entry","DATE","","","","","","2014-10-19 00:32:28.0"
"SUSAMP","LAST_UPDATE","102","Date of most recent update to record","DATE","","","","","","2014-10-19 00:32:28.0"
"SUSAMP","QUERY","103","Any open/pending queries on this record","NUMBER","8","","","","","2014-10-19 00:32:28.0"
"SUSAMP","SITE_APRV","104","Date site approved the data","DATE","","","","","","2014-10-19 00:32:28.0"
"GUID","","0","Global Unique ID","","","","","","","2015-05-24 00:32:50.0"
"GUID","REC_ID","1","Record ID","NUMBER","12","0","","","","2015-05-24 00:32:50.0"
"GUID","F_STATUS","2","Data status: Verified, Secured or Locked","CHAR","1","","","","","2015-05-24 00:32:50.0"
"GUID","CNO","3","Center Number","CHAR","4","","","","","2015-05-24 00:32:50.0"
"GUID","PATNO","4","Patient Number","CHAR","4","","","","","2015-05-24 00:32:50.0"
"GUID","EVENT_ID","5","Event Name","CHAR","8","","","","","2015-05-24 00:32:50.0"
"GUID","PAG_NAME","6","Page Name","CHAR","8","","","","","2015-05-24 00:32:50.0"
"GUID","INFODT","7","Event Date","DATE","","","","","","2015-05-24 00:32:50.0"
"GUID","OBTNUID","8","Has subject agreed to obtain CTCC UID","CHAR","1","","","","YN","2015-05-24 00:32:50.0"
"GUID","GUID","9","GUID","CHAR","14","","","","","2015-05-24 00:32:50.0"
"GUID","ORIG_ENTRY","101","Date of original data entry","DATE","","","","","","2015-05-24 00:32:50.0"
"GUID","LAST_UPDATE","102","Date of most recent update to record","DATE","","","","","","2015-05-24 00:32:50.0"
"GUID","QUERY","103","Any open/pending queries on this record","NUMBER","8","","","","","2015-05-24 00:32:50.0"
"GUID","SITE_APRV","104","Date site approved the data","DATE","","","","","","2015-05-24 00:32:50.0"
